,precision,recall,f1-score,support
LDPE,0.7133858267716535,0.755,0.7336032388663968,600.0
PLA,0.9531502423263328,0.9816971713810316,0.9672131147540983,601.0
PP,0.9053803339517625,0.8119800332778702,0.856140350877193,601.0
PS,0.992619926199262,0.8951747088186356,0.9413823272090989,601.0
PVC,0.9637681159420289,0.8851913477537438,0.9228100607111882,601.0
XPS,1.0,0.9700996677740864,0.984822934232715,602.0
oxo-PE,0.8903703703703704,0.9966832504145937,0.9405320813771518,603.0
uv-PE,0.750375939849624,0.8289036544850499,0.7876874506708761,602.0
accuracy,0.890667220951985,0.890667220951985,0.890667220951985,0.890667220951985
macro avg,0.8961313444263792,0.8905912292381264,0.8917739448373398,4811.0
weighted avg,0.8961582279891603,0.890667220951985,0.8918247969417419,4811.0
