,precision,recall,f1-score,support
LDPE,0.7299412915851272,0.6216666666666667,0.6714671467146714,600.0
PLA,0.9596638655462185,0.9500831946755408,0.9548494983277592,601.0
PP,0.7957166392092258,0.8036605657237936,0.7996688741721855,601.0
PS,0.8828671328671329,0.8402662229617305,0.8610400682011935,601.0
PVC,0.8330827067669173,0.9217970049916805,0.8751974723538705,601.0
XPS,0.9548387096774194,0.9833887043189369,0.9689034369885434,602.0
oxo-PE,0.8952205882352942,0.8076285240464345,0.8491717523975588,603.0
uv-PE,0.6872309899569584,0.7956810631229236,0.737490377213241,602.0
accuracy,0.8405736853045105,0.8405736853045105,0.8405736853045105,0.8405736853045105
macro avg,0.8423202404805368,0.8405214933134634,0.8397235782961279,4811.0
weighted avg,0.8423567420110041,0.8405736853045105,0.8397680803616847,4811.0
