filename,y_true,y_pred
D1_N1_img1.jpeg,LDPE,LDPE
D1_N1_img10.jpeg,LDPE,LDPE
D1_N1_img100.jpeg,LDPE,LDPE
D1_N1_img101.jpeg,LDPE,LDPE
D1_N1_img102.jpeg,LDPE,LDPE
D1_N1_img103.jpeg,LDPE,LDPE
D1_N1_img104.jpeg,LDPE,LDPE
D1_N1_img105.jpeg,LDPE,LDPE
D1_N1_img106.jpeg,LDPE,LDPE
D1_N1_img107.jpeg,LDPE,LDPE
D1_N1_img108.jpeg,LDPE,LDPE
D1_N1_img109.jpeg,LDPE,LDPE
D1_N1_img11.jpeg,LDPE,LDPE
D1_N1_img110.jpeg,LDPE,LDPE
D1_N1_img111.jpeg,LDPE,LDPE
D1_N1_img112.jpeg,LDPE,LDPE
D1_N1_img113.jpeg,LDPE,LDPE
D1_N1_img114.jpeg,LDPE,LDPE
D1_N1_img115.jpeg,LDPE,LDPE
D1_N1_img116.jpeg,LDPE,LDPE
D1_N1_img117.jpeg,LDPE,LDPE
D1_N1_img118.jpeg,LDPE,LDPE
D1_N1_img119.jpeg,LDPE,LDPE
D1_N1_img12.jpeg,LDPE,LDPE
D1_N1_img120.jpeg,LDPE,LDPE
D1_N1_img13.jpeg,LDPE,LDPE
D1_N1_img14.jpeg,LDPE,LDPE
D1_N1_img15.jpeg,LDPE,LDPE
D1_N1_img16.jpeg,LDPE,LDPE
D1_N1_img17.jpeg,LDPE,LDPE
D1_N1_img18.jpeg,LDPE,LDPE
D1_N1_img19.jpeg,LDPE,LDPE
D1_N1_img2.jpeg,LDPE,LDPE
D1_N1_img20.jpeg,LDPE,LDPE
D1_N1_img21.jpeg,LDPE,LDPE
D1_N1_img22.jpeg,LDPE,LDPE
D1_N1_img23.jpeg,LDPE,LDPE
D1_N1_img24.jpeg,LDPE,LDPE
D1_N1_img25.jpeg,LDPE,LDPE
D1_N1_img26.jpeg,LDPE,LDPE
D1_N1_img27.jpeg,LDPE,LDPE
D1_N1_img28.jpeg,LDPE,LDPE
D1_N1_img29.jpeg,LDPE,LDPE
D1_N1_img3.jpeg,LDPE,LDPE
D1_N1_img30.jpeg,LDPE,LDPE
D1_N1_img31.jpeg,LDPE,LDPE
D1_N1_img32.jpeg,LDPE,LDPE
D1_N1_img33.jpeg,LDPE,LDPE
D1_N1_img34.jpeg,LDPE,LDPE
D1_N1_img35.jpeg,LDPE,LDPE
D1_N1_img36.jpeg,LDPE,LDPE
D1_N1_img37.jpeg,LDPE,LDPE
D1_N1_img38.jpeg,LDPE,LDPE
D1_N1_img39.jpeg,LDPE,LDPE
D1_N1_img4.jpeg,LDPE,LDPE
D1_N1_img40.jpeg,LDPE,LDPE
D1_N1_img41.jpeg,LDPE,LDPE
D1_N1_img42.jpeg,LDPE,LDPE
D1_N1_img43.jpeg,LDPE,LDPE
D1_N1_img44.jpeg,LDPE,LDPE
D1_N1_img45.jpeg,LDPE,LDPE
D1_N1_img46.jpeg,LDPE,LDPE
D1_N1_img47.jpeg,LDPE,LDPE
D1_N1_img48.jpeg,LDPE,LDPE
D1_N1_img49.jpeg,LDPE,LDPE
D1_N1_img5.jpeg,LDPE,LDPE
D1_N1_img50.jpeg,LDPE,LDPE
D1_N1_img51.jpeg,LDPE,LDPE
D1_N1_img52.jpeg,LDPE,LDPE
D1_N1_img53.jpeg,LDPE,LDPE
D1_N1_img54.jpeg,LDPE,LDPE
D1_N1_img55.jpeg,LDPE,LDPE
D1_N1_img56.jpeg,LDPE,LDPE
D1_N1_img57.jpeg,LDPE,LDPE
D1_N1_img58.jpeg,LDPE,LDPE
D1_N1_img59.jpeg,LDPE,LDPE
D1_N1_img6.jpeg,LDPE,LDPE
D1_N1_img60.jpeg,LDPE,LDPE
D1_N1_img61.jpeg,LDPE,LDPE
D1_N1_img62.jpeg,LDPE,LDPE
D1_N1_img63.jpeg,LDPE,LDPE
D1_N1_img64.jpeg,LDPE,LDPE
D1_N1_img65.jpeg,LDPE,LDPE
D1_N1_img66.jpeg,LDPE,LDPE
D1_N1_img67.jpeg,LDPE,LDPE
D1_N1_img68.jpeg,LDPE,LDPE
D1_N1_img69.jpeg,LDPE,LDPE
D1_N1_img7.jpeg,LDPE,LDPE
D1_N1_img70.jpeg,LDPE,LDPE
D1_N1_img71.jpeg,LDPE,LDPE
D1_N1_img72.jpeg,LDPE,LDPE
D1_N1_img73.jpeg,LDPE,LDPE
D1_N1_img74.jpeg,LDPE,LDPE
D1_N1_img75.jpeg,LDPE,LDPE
D1_N1_img76.jpeg,LDPE,LDPE
D1_N1_img77.jpeg,LDPE,LDPE
D1_N1_img78.jpeg,LDPE,LDPE
D1_N1_img79.jpeg,LDPE,LDPE
D1_N1_img8.jpeg,LDPE,LDPE
D1_N1_img80.jpeg,LDPE,LDPE
D1_N1_img81.jpeg,LDPE,LDPE
D1_N1_img82.jpeg,LDPE,LDPE
D1_N1_img83.jpeg,LDPE,LDPE
D1_N1_img84.jpeg,LDPE,LDPE
D1_N1_img85.jpeg,LDPE,LDPE
D1_N1_img86.jpeg,LDPE,LDPE
D1_N1_img87.jpeg,LDPE,LDPE
D1_N1_img88.jpeg,LDPE,LDPE
D1_N1_img89.jpeg,LDPE,LDPE
D1_N1_img9.jpeg,LDPE,LDPE
D1_N1_img90.jpeg,LDPE,LDPE
D1_N1_img91.jpeg,LDPE,LDPE
D1_N1_img92.jpeg,LDPE,LDPE
D1_N1_img93.jpeg,LDPE,LDPE
D1_N1_img94.jpeg,LDPE,LDPE
D1_N1_img95.jpeg,LDPE,LDPE
D1_N1_img96.jpeg,LDPE,LDPE
D1_N1_img97.jpeg,LDPE,LDPE
D1_N1_img98.jpeg,LDPE,LDPE
D1_N1_img99.jpeg,LDPE,LDPE
D8_N1_img1.jpeg,LDPE,uv-PE
D8_N1_img10.jpeg,LDPE,LDPE
D8_N1_img100.jpeg,LDPE,PLA
D8_N1_img101.jpeg,LDPE,PLA
D8_N1_img102.jpeg,LDPE,PLA
D8_N1_img103.jpeg,LDPE,PLA
D8_N1_img104.jpeg,LDPE,PLA
D8_N1_img105.jpeg,LDPE,PLA
D8_N1_img106.jpeg,LDPE,PLA
D8_N1_img107.jpeg,LDPE,PLA
D8_N1_img108.jpeg,LDPE,PLA
D8_N1_img109.jpeg,LDPE,PLA
D8_N1_img11.jpeg,LDPE,LDPE
D8_N1_img110.jpeg,LDPE,LDPE
D8_N1_img111.jpeg,LDPE,PLA
D8_N1_img112.jpeg,LDPE,uv-PE
D8_N1_img113.jpeg,LDPE,PLA
D8_N1_img114.jpeg,LDPE,PLA
D8_N1_img115.jpeg,LDPE,LDPE
D8_N1_img116.jpeg,LDPE,LDPE
D8_N1_img117.jpeg,LDPE,PLA
D8_N1_img118.jpeg,LDPE,PLA
D8_N1_img119.jpeg,LDPE,PLA
D8_N1_img12.jpeg,LDPE,uv-PE
D8_N1_img120.jpeg,LDPE,PLA
D8_N1_img13.jpeg,LDPE,uv-PE
D8_N1_img14.jpeg,LDPE,uv-PE
D8_N1_img15.jpeg,LDPE,LDPE
D8_N1_img16.jpeg,LDPE,PVC
D8_N1_img17.jpeg,LDPE,uv-PE
D8_N1_img18.jpeg,LDPE,uv-PE
D8_N1_img19.jpeg,LDPE,uv-PE
D8_N1_img2.jpeg,LDPE,uv-PE
D8_N1_img20.jpeg,LDPE,LDPE
D8_N1_img21.jpeg,LDPE,LDPE
D8_N1_img22.jpeg,LDPE,uv-PE
D8_N1_img23.jpeg,LDPE,uv-PE
D8_N1_img24.jpeg,LDPE,uv-PE
D8_N1_img25.jpeg,LDPE,uv-PE
D8_N1_img26.jpeg,LDPE,uv-PE
D8_N1_img27.jpeg,LDPE,LDPE
D8_N1_img28.jpeg,LDPE,uv-PE
D8_N1_img29.jpeg,LDPE,uv-PE
D8_N1_img3.jpeg,LDPE,LDPE
D8_N1_img30.jpeg,LDPE,uv-PE
D8_N1_img31.jpeg,LDPE,PLA
D8_N1_img32.jpeg,LDPE,PP
D8_N1_img33.jpeg,LDPE,uv-PE
D8_N1_img34.jpeg,LDPE,uv-PE
D8_N1_img35.jpeg,LDPE,uv-PE
D8_N1_img36.jpeg,LDPE,uv-PE
D8_N1_img37.jpeg,LDPE,LDPE
D8_N1_img38.jpeg,LDPE,uv-PE
D8_N1_img39.jpeg,LDPE,LDPE
D8_N1_img4.jpeg,LDPE,LDPE
D8_N1_img40.jpeg,LDPE,uv-PE
D8_N1_img41.jpeg,LDPE,uv-PE
D8_N1_img42.jpeg,LDPE,uv-PE
D8_N1_img43.jpeg,LDPE,uv-PE
D8_N1_img44.jpeg,LDPE,LDPE
D8_N1_img45.jpeg,LDPE,LDPE
D8_N1_img46.jpeg,LDPE,uv-PE
D8_N1_img47.jpeg,LDPE,uv-PE
D8_N1_img48.jpeg,LDPE,PLA
D8_N1_img49.jpeg,LDPE,LDPE
D8_N1_img5.jpeg,LDPE,uv-PE
D8_N1_img50.jpeg,LDPE,uv-PE
D8_N1_img51.jpeg,LDPE,uv-PE
D8_N1_img52.jpeg,LDPE,LDPE
D8_N1_img53.jpeg,LDPE,uv-PE
D8_N1_img54.jpeg,LDPE,uv-PE
D8_N1_img55.jpeg,LDPE,uv-PE
D8_N1_img56.jpeg,LDPE,uv-PE
D8_N1_img57.jpeg,LDPE,uv-PE
D8_N1_img58.jpeg,LDPE,uv-PE
D8_N1_img59.jpeg,LDPE,uv-PE
D8_N1_img6.jpeg,LDPE,uv-PE
D8_N1_img60.jpeg,LDPE,uv-PE
D8_N1_img61.jpeg,LDPE,LDPE
D8_N1_img62.jpeg,LDPE,uv-PE
D8_N1_img63.jpeg,LDPE,LDPE
D8_N1_img64.jpeg,LDPE,LDPE
D8_N1_img65.jpeg,LDPE,LDPE
D8_N1_img66.jpeg,LDPE,PLA
D8_N1_img67.jpeg,LDPE,PLA
D8_N1_img68.jpeg,LDPE,PLA
D8_N1_img69.jpeg,LDPE,PLA
D8_N1_img7.jpeg,LDPE,uv-PE
D8_N1_img70.jpeg,LDPE,PLA
D8_N1_img71.jpeg,LDPE,PLA
D8_N1_img72.jpeg,LDPE,PLA
D8_N1_img73.jpeg,LDPE,PLA
D8_N1_img74.jpeg,LDPE,PLA
D8_N1_img75.jpeg,LDPE,PLA
D8_N1_img76.jpeg,LDPE,PLA
D8_N1_img77.jpeg,LDPE,PLA
D8_N1_img78.jpeg,LDPE,PLA
D8_N1_img79.jpeg,LDPE,PLA
D8_N1_img8.jpeg,LDPE,uv-PE
D8_N1_img80.jpeg,LDPE,LDPE
D8_N1_img81.jpeg,LDPE,PLA
D8_N1_img82.jpeg,LDPE,LDPE
D8_N1_img83.jpeg,LDPE,LDPE
D8_N1_img84.jpeg,LDPE,LDPE
D8_N1_img85.jpeg,LDPE,LDPE
D8_N1_img86.jpeg,LDPE,LDPE
D8_N1_img87.jpeg,LDPE,LDPE
D8_N1_img88.jpeg,LDPE,PLA
D8_N1_img89.jpeg,LDPE,PLA
D8_N1_img9.jpeg,LDPE,uv-PE
D8_N1_img90.jpeg,LDPE,PLA
D8_N1_img91.jpeg,LDPE,LDPE
D8_N1_img92.jpeg,LDPE,PVC
D8_N1_img93.jpeg,LDPE,LDPE
D8_N1_img94.jpeg,LDPE,LDPE
D8_N1_img95.jpeg,LDPE,LDPE
D8_N1_img96.jpeg,LDPE,LDPE
D8_N1_img97.jpeg,LDPE,PLA
D8_N1_img98.jpeg,LDPE,LDPE
D8_N1_img99.jpeg,LDPE,LDPE
G3_N1_img1.jpeg,LDPE,LDPE
G3_N1_img10.jpeg,LDPE,LDPE
G3_N1_img100.jpeg,LDPE,LDPE
G3_N1_img101.jpeg,LDPE,uv-PE
G3_N1_img102.jpeg,LDPE,uv-PE
G3_N1_img103.jpeg,LDPE,uv-PE
G3_N1_img104.jpeg,LDPE,uv-PE
G3_N1_img105.jpeg,LDPE,uv-PE
G3_N1_img106.jpeg,LDPE,LDPE
G3_N1_img107.jpeg,LDPE,LDPE
G3_N1_img108.jpeg,LDPE,LDPE
G3_N1_img109.jpeg,LDPE,LDPE
G3_N1_img11.jpeg,LDPE,LDPE
G3_N1_img110.jpeg,LDPE,LDPE
G3_N1_img111.jpeg,LDPE,LDPE
G3_N1_img112.jpeg,LDPE,LDPE
G3_N1_img113.jpeg,LDPE,LDPE
G3_N1_img114.jpeg,LDPE,LDPE
G3_N1_img115.jpeg,LDPE,LDPE
G3_N1_img116.jpeg,LDPE,LDPE
G3_N1_img117.jpeg,LDPE,LDPE
G3_N1_img118.jpeg,LDPE,LDPE
G3_N1_img119.jpeg,LDPE,LDPE
G3_N1_img12.jpeg,LDPE,LDPE
G3_N1_img120.jpeg,LDPE,PLA
G3_N1_img13.jpeg,LDPE,LDPE
G3_N1_img14.jpeg,LDPE,LDPE
G3_N1_img15.jpeg,LDPE,LDPE
G3_N1_img16.jpeg,LDPE,LDPE
G3_N1_img17.jpeg,LDPE,uv-PE
G3_N1_img18.jpeg,LDPE,LDPE
G3_N1_img19.jpeg,LDPE,LDPE
G3_N1_img2.jpeg,LDPE,LDPE
G3_N1_img20.jpeg,LDPE,LDPE
G3_N1_img21.jpeg,LDPE,LDPE
G3_N1_img22.jpeg,LDPE,LDPE
G3_N1_img23.jpeg,LDPE,LDPE
G3_N1_img24.jpeg,LDPE,LDPE
G3_N1_img25.jpeg,LDPE,LDPE
G3_N1_img26.jpeg,LDPE,LDPE
G3_N1_img27.jpeg,LDPE,LDPE
G3_N1_img28.jpeg,LDPE,LDPE
G3_N1_img29.jpeg,LDPE,LDPE
G3_N1_img3.jpeg,LDPE,LDPE
G3_N1_img30.jpeg,LDPE,LDPE
G3_N1_img31.jpeg,LDPE,LDPE
G3_N1_img32.jpeg,LDPE,LDPE
G3_N1_img33.jpeg,LDPE,LDPE
G3_N1_img34.jpeg,LDPE,LDPE
G3_N1_img35.jpeg,LDPE,LDPE
G3_N1_img36.jpeg,LDPE,LDPE
G3_N1_img37.jpeg,LDPE,LDPE
G3_N1_img38.jpeg,LDPE,LDPE
G3_N1_img39.jpeg,LDPE,LDPE
G3_N1_img4.jpeg,LDPE,LDPE
G3_N1_img40.jpeg,LDPE,LDPE
G3_N1_img41.jpeg,LDPE,LDPE
G3_N1_img42.jpeg,LDPE,LDPE
G3_N1_img43.jpeg,LDPE,LDPE
G3_N1_img44.jpeg,LDPE,LDPE
G3_N1_img45.jpeg,LDPE,LDPE
G3_N1_img46.jpeg,LDPE,LDPE
G3_N1_img47.jpeg,LDPE,LDPE
G3_N1_img48.jpeg,LDPE,LDPE
G3_N1_img49.jpeg,LDPE,LDPE
G3_N1_img5.jpeg,LDPE,LDPE
G3_N1_img50.jpeg,LDPE,LDPE
G3_N1_img51.jpeg,LDPE,LDPE
G3_N1_img52.jpeg,LDPE,LDPE
G3_N1_img53.jpeg,LDPE,LDPE
G3_N1_img54.jpeg,LDPE,LDPE
G3_N1_img55.jpeg,LDPE,LDPE
G3_N1_img56.jpeg,LDPE,LDPE
G3_N1_img57.jpeg,LDPE,LDPE
G3_N1_img58.jpeg,LDPE,LDPE
G3_N1_img59.jpeg,LDPE,LDPE
G3_N1_img6.jpeg,LDPE,LDPE
G3_N1_img60.jpeg,LDPE,LDPE
G3_N1_img61.jpeg,LDPE,LDPE
G3_N1_img62.jpeg,LDPE,LDPE
G3_N1_img63.jpeg,LDPE,LDPE
G3_N1_img64.jpeg,LDPE,LDPE
G3_N1_img65.jpeg,LDPE,PP
G3_N1_img66.jpeg,LDPE,LDPE
G3_N1_img67.jpeg,LDPE,LDPE
G3_N1_img68.jpeg,LDPE,LDPE
G3_N1_img69.jpeg,LDPE,LDPE
G3_N1_img7.jpeg,LDPE,LDPE
G3_N1_img70.jpeg,LDPE,LDPE
G3_N1_img71.jpeg,LDPE,LDPE
G3_N1_img72.jpeg,LDPE,LDPE
G3_N1_img73.jpeg,LDPE,LDPE
G3_N1_img74.jpeg,LDPE,LDPE
G3_N1_img75.jpeg,LDPE,LDPE
G3_N1_img76.jpeg,LDPE,PLA
G3_N1_img77.jpeg,LDPE,LDPE
G3_N1_img78.jpeg,LDPE,LDPE
G3_N1_img79.jpeg,LDPE,uv-PE
G3_N1_img8.jpeg,LDPE,LDPE
G3_N1_img80.jpeg,LDPE,LDPE
G3_N1_img81.jpeg,LDPE,LDPE
G3_N1_img82.jpeg,LDPE,uv-PE
G3_N1_img83.jpeg,LDPE,LDPE
G3_N1_img84.jpeg,LDPE,LDPE
G3_N1_img85.jpeg,LDPE,uv-PE
G3_N1_img86.jpeg,LDPE,uv-PE
G3_N1_img87.jpeg,LDPE,LDPE
G3_N1_img88.jpeg,LDPE,LDPE
G3_N1_img89.jpeg,LDPE,LDPE
G3_N1_img9.jpeg,LDPE,LDPE
G3_N1_img90.jpeg,LDPE,LDPE
G3_N1_img91.jpeg,LDPE,LDPE
G3_N1_img92.jpeg,LDPE,LDPE
G3_N1_img93.jpeg,LDPE,PLA
G3_N1_img94.jpeg,LDPE,LDPE
G3_N1_img95.jpeg,LDPE,LDPE
G3_N1_img96.jpeg,LDPE,LDPE
G3_N1_img97.jpeg,LDPE,LDPE
G3_N1_img98.jpeg,LDPE,LDPE
G3_N1_img99.jpeg,LDPE,LDPE
T12_N1_img1.jpeg,LDPE,LDPE
T12_N1_img10.jpeg,LDPE,LDPE
T12_N1_img100.jpeg,LDPE,LDPE
T12_N1_img101.jpeg,LDPE,LDPE
T12_N1_img102.jpeg,LDPE,LDPE
T12_N1_img103.jpeg,LDPE,LDPE
T12_N1_img104.jpeg,LDPE,LDPE
T12_N1_img105.jpeg,LDPE,LDPE
T12_N1_img106.jpeg,LDPE,LDPE
T12_N1_img107.jpeg,LDPE,LDPE
T12_N1_img108.jpeg,LDPE,LDPE
T12_N1_img109.jpeg,LDPE,LDPE
T12_N1_img11.jpeg,LDPE,LDPE
T12_N1_img110.jpeg,LDPE,LDPE
T12_N1_img111.jpeg,LDPE,PP
T12_N1_img112.jpeg,LDPE,LDPE
T12_N1_img113.jpeg,LDPE,LDPE
T12_N1_img114.jpeg,LDPE,LDPE
T12_N1_img115.jpeg,LDPE,LDPE
T12_N1_img116.jpeg,LDPE,LDPE
T12_N1_img117.jpeg,LDPE,LDPE
T12_N1_img118.jpeg,LDPE,LDPE
T12_N1_img119.jpeg,LDPE,LDPE
T12_N1_img12.jpeg,LDPE,LDPE
T12_N1_img120.jpeg,LDPE,LDPE
T12_N1_img13.jpeg,LDPE,LDPE
T12_N1_img14.jpeg,LDPE,LDPE
T12_N1_img15.jpeg,LDPE,LDPE
T12_N1_img16.jpeg,LDPE,LDPE
T12_N1_img17.jpeg,LDPE,LDPE
T12_N1_img18.jpeg,LDPE,LDPE
T12_N1_img19.jpeg,LDPE,LDPE
T12_N1_img2.jpeg,LDPE,LDPE
T12_N1_img20.jpeg,LDPE,LDPE
T12_N1_img21.jpeg,LDPE,LDPE
T12_N1_img22.jpeg,LDPE,LDPE
T12_N1_img23.jpeg,LDPE,LDPE
T12_N1_img24.jpeg,LDPE,LDPE
T12_N1_img25.jpeg,LDPE,LDPE
T12_N1_img26.jpeg,LDPE,LDPE
T12_N1_img27.jpeg,LDPE,LDPE
T12_N1_img28.jpeg,LDPE,LDPE
T12_N1_img29.jpeg,LDPE,LDPE
T12_N1_img3.jpeg,LDPE,LDPE
T12_N1_img30.jpeg,LDPE,LDPE
T12_N1_img31.jpeg,LDPE,LDPE
T12_N1_img32.jpeg,LDPE,LDPE
T12_N1_img33.jpeg,LDPE,LDPE
T12_N1_img34.jpeg,LDPE,LDPE
T12_N1_img35.jpeg,LDPE,LDPE
T12_N1_img36.jpeg,LDPE,LDPE
T12_N1_img37.jpeg,LDPE,LDPE
T12_N1_img38.jpeg,LDPE,LDPE
T12_N1_img39.jpeg,LDPE,LDPE
T12_N1_img4.jpeg,LDPE,LDPE
T12_N1_img40.jpeg,LDPE,LDPE
T12_N1_img41.jpeg,LDPE,LDPE
T12_N1_img42.jpeg,LDPE,LDPE
T12_N1_img43.jpeg,LDPE,LDPE
T12_N1_img44.jpeg,LDPE,LDPE
T12_N1_img45.jpeg,LDPE,LDPE
T12_N1_img46.jpeg,LDPE,LDPE
T12_N1_img47.jpeg,LDPE,LDPE
T12_N1_img48.jpeg,LDPE,LDPE
T12_N1_img49.jpeg,LDPE,LDPE
T12_N1_img5.jpeg,LDPE,LDPE
T12_N1_img50.jpeg,LDPE,LDPE
T12_N1_img51.jpeg,LDPE,LDPE
T12_N1_img52.jpeg,LDPE,LDPE
T12_N1_img53.jpeg,LDPE,LDPE
T12_N1_img54.jpeg,LDPE,LDPE
T12_N1_img55.jpeg,LDPE,LDPE
T12_N1_img56.jpeg,LDPE,LDPE
T12_N1_img57.jpeg,LDPE,LDPE
T12_N1_img58.jpeg,LDPE,LDPE
T12_N1_img59.jpeg,LDPE,LDPE
T12_N1_img6.jpeg,LDPE,LDPE
T12_N1_img60.jpeg,LDPE,LDPE
T12_N1_img61.jpeg,LDPE,LDPE
T12_N1_img62.jpeg,LDPE,PP
T12_N1_img63.jpeg,LDPE,LDPE
T12_N1_img64.jpeg,LDPE,LDPE
T12_N1_img65.jpeg,LDPE,LDPE
T12_N1_img66.jpeg,LDPE,LDPE
T12_N1_img67.jpeg,LDPE,LDPE
T12_N1_img68.jpeg,LDPE,LDPE
T12_N1_img69.jpeg,LDPE,LDPE
T12_N1_img7.jpeg,LDPE,LDPE
T12_N1_img70.jpeg,LDPE,LDPE
T12_N1_img71.jpeg,LDPE,LDPE
T12_N1_img72.jpeg,LDPE,LDPE
T12_N1_img73.jpeg,LDPE,LDPE
T12_N1_img74.jpeg,LDPE,LDPE
T12_N1_img75.jpeg,LDPE,LDPE
T12_N1_img76.jpeg,LDPE,LDPE
T12_N1_img77.jpeg,LDPE,LDPE
T12_N1_img78.jpeg,LDPE,LDPE
T12_N1_img79.jpeg,LDPE,LDPE
T12_N1_img8.jpeg,LDPE,LDPE
T12_N1_img80.jpeg,LDPE,LDPE
T12_N1_img81.jpeg,LDPE,LDPE
T12_N1_img82.jpeg,LDPE,LDPE
T12_N1_img83.jpeg,LDPE,LDPE
T12_N1_img84.jpeg,LDPE,LDPE
T12_N1_img85.jpeg,LDPE,LDPE
T12_N1_img86.jpeg,LDPE,LDPE
T12_N1_img87.jpeg,LDPE,LDPE
T12_N1_img88.jpeg,LDPE,LDPE
T12_N1_img89.jpeg,LDPE,LDPE
T12_N1_img9.jpeg,LDPE,LDPE
T12_N1_img90.jpeg,LDPE,LDPE
T12_N1_img91.jpeg,LDPE,LDPE
T12_N1_img92.jpeg,LDPE,LDPE
T12_N1_img93.jpeg,LDPE,LDPE
T12_N1_img94.jpeg,LDPE,LDPE
T12_N1_img95.jpeg,LDPE,LDPE
T12_N1_img96.jpeg,LDPE,LDPE
T12_N1_img97.jpeg,LDPE,LDPE
T12_N1_img98.jpeg,LDPE,LDPE
T12_N1_img99.jpeg,LDPE,LDPE
T3_N1_img1.jpeg,LDPE,LDPE
T3_N1_img10.jpeg,LDPE,LDPE
T3_N1_img100.jpeg,LDPE,LDPE
T3_N1_img101.jpeg,LDPE,LDPE
T3_N1_img102.jpeg,LDPE,LDPE
T3_N1_img103.jpeg,LDPE,uv-PE
T3_N1_img104.jpeg,LDPE,uv-PE
T3_N1_img105.jpeg,LDPE,uv-PE
T3_N1_img106.jpeg,LDPE,LDPE
T3_N1_img107.jpeg,LDPE,LDPE
T3_N1_img108.jpeg,LDPE,LDPE
T3_N1_img109.jpeg,LDPE,uv-PE
T3_N1_img11.jpeg,LDPE,LDPE
T3_N1_img110.jpeg,LDPE,LDPE
T3_N1_img111.jpeg,LDPE,uv-PE
T3_N1_img112.jpeg,LDPE,uv-PE
T3_N1_img113.jpeg,LDPE,uv-PE
T3_N1_img114.jpeg,LDPE,uv-PE
T3_N1_img115.jpeg,LDPE,uv-PE
T3_N1_img116.jpeg,LDPE,uv-PE
T3_N1_img117.jpeg,LDPE,LDPE
T3_N1_img118.jpeg,LDPE,LDPE
T3_N1_img119.jpeg,LDPE,LDPE
T3_N1_img12.jpeg,LDPE,uv-PE
T3_N1_img120.jpeg,LDPE,LDPE
T3_N1_img13.jpeg,LDPE,LDPE
T3_N1_img14.jpeg,LDPE,LDPE
T3_N1_img15.jpeg,LDPE,LDPE
T3_N1_img16.jpeg,LDPE,LDPE
T3_N1_img17.jpeg,LDPE,LDPE
T3_N1_img18.jpeg,LDPE,LDPE
T3_N1_img19.jpeg,LDPE,LDPE
T3_N1_img2.jpeg,LDPE,LDPE
T3_N1_img20.jpeg,LDPE,LDPE
T3_N1_img21.jpeg,LDPE,LDPE
T3_N1_img22.jpeg,LDPE,LDPE
T3_N1_img23.jpeg,LDPE,LDPE
T3_N1_img24.jpeg,LDPE,LDPE
T3_N1_img25.jpeg,LDPE,LDPE
T3_N1_img26.jpeg,LDPE,LDPE
T3_N1_img27.jpeg,LDPE,LDPE
T3_N1_img28.jpeg,LDPE,LDPE
T3_N1_img29.jpeg,LDPE,LDPE
T3_N1_img3.jpeg,LDPE,LDPE
T3_N1_img30.jpeg,LDPE,LDPE
T3_N1_img31.jpeg,LDPE,uv-PE
T3_N1_img32.jpeg,LDPE,LDPE
T3_N1_img33.jpeg,LDPE,LDPE
T3_N1_img34.jpeg,LDPE,LDPE
T3_N1_img35.jpeg,LDPE,LDPE
T3_N1_img36.jpeg,LDPE,LDPE
T3_N1_img37.jpeg,LDPE,LDPE
T3_N1_img38.jpeg,LDPE,LDPE
T3_N1_img39.jpeg,LDPE,LDPE
T3_N1_img4.jpeg,LDPE,LDPE
T3_N1_img40.jpeg,LDPE,LDPE
T3_N1_img41.jpeg,LDPE,LDPE
T3_N1_img42.jpeg,LDPE,LDPE
T3_N1_img43.jpeg,LDPE,uv-PE
T3_N1_img44.jpeg,LDPE,LDPE
T3_N1_img45.jpeg,LDPE,LDPE
T3_N1_img46.jpeg,LDPE,LDPE
T3_N1_img47.jpeg,LDPE,LDPE
T3_N1_img48.jpeg,LDPE,LDPE
T3_N1_img49.jpeg,LDPE,LDPE
T3_N1_img5.jpeg,LDPE,uv-PE
T3_N1_img50.jpeg,LDPE,LDPE
T3_N1_img51.jpeg,LDPE,LDPE
T3_N1_img52.jpeg,LDPE,LDPE
T3_N1_img53.jpeg,LDPE,LDPE
T3_N1_img54.jpeg,LDPE,LDPE
T3_N1_img55.jpeg,LDPE,LDPE
T3_N1_img56.jpeg,LDPE,uv-PE
T3_N1_img57.jpeg,LDPE,LDPE
T3_N1_img58.jpeg,LDPE,LDPE
T3_N1_img59.jpeg,LDPE,uv-PE
T3_N1_img6.jpeg,LDPE,LDPE
T3_N1_img60.jpeg,LDPE,uv-PE
T3_N1_img61.jpeg,LDPE,LDPE
T3_N1_img62.jpeg,LDPE,LDPE
T3_N1_img63.jpeg,LDPE,LDPE
T3_N1_img64.jpeg,LDPE,LDPE
T3_N1_img65.jpeg,LDPE,LDPE
T3_N1_img66.jpeg,LDPE,LDPE
T3_N1_img67.jpeg,LDPE,LDPE
T3_N1_img68.jpeg,LDPE,LDPE
T3_N1_img69.jpeg,LDPE,LDPE
T3_N1_img7.jpeg,LDPE,LDPE
T3_N1_img70.jpeg,LDPE,LDPE
T3_N1_img71.jpeg,LDPE,LDPE
T3_N1_img72.jpeg,LDPE,LDPE
T3_N1_img73.jpeg,LDPE,LDPE
T3_N1_img74.jpeg,LDPE,LDPE
T3_N1_img75.jpeg,LDPE,LDPE
T3_N1_img76.jpeg,LDPE,LDPE
T3_N1_img77.jpeg,LDPE,LDPE
T3_N1_img78.jpeg,LDPE,LDPE
T3_N1_img79.jpeg,LDPE,LDPE
T3_N1_img8.jpeg,LDPE,LDPE
T3_N1_img80.jpeg,LDPE,LDPE
T3_N1_img81.jpeg,LDPE,LDPE
T3_N1_img82.jpeg,LDPE,LDPE
T3_N1_img83.jpeg,LDPE,LDPE
T3_N1_img84.jpeg,LDPE,LDPE
T3_N1_img85.jpeg,LDPE,LDPE
T3_N1_img86.jpeg,LDPE,LDPE
T3_N1_img87.jpeg,LDPE,LDPE
T3_N1_img88.jpeg,LDPE,LDPE
T3_N1_img89.jpeg,LDPE,LDPE
T3_N1_img9.jpeg,LDPE,LDPE
T3_N1_img90.jpeg,LDPE,LDPE
T3_N1_img91.jpeg,LDPE,LDPE
T3_N1_img92.jpeg,LDPE,LDPE
T3_N1_img93.jpeg,LDPE,LDPE
T3_N1_img94.jpeg,LDPE,LDPE
T3_N1_img95.jpeg,LDPE,LDPE
T3_N1_img96.jpeg,LDPE,LDPE
T3_N1_img97.jpeg,LDPE,LDPE
T3_N1_img98.jpeg,LDPE,LDPE
T3_N1_img99.jpeg,LDPE,LDPE
D1_N4_img1.jpeg,PLA,PLA
D1_N4_img10.jpeg,PLA,PLA
D1_N4_img100.jpeg,PLA,PLA
D1_N4_img101.jpeg,PLA,PLA
D1_N4_img102.jpeg,PLA,PLA
D1_N4_img103.jpeg,PLA,PLA
D1_N4_img104.jpeg,PLA,PLA
D1_N4_img105.jpeg,PLA,PLA
D1_N4_img106.jpeg,PLA,PLA
D1_N4_img107.jpeg,PLA,PLA
D1_N4_img108.jpeg,PLA,PLA
D1_N4_img109.jpeg,PLA,PLA
D1_N4_img11.jpeg,PLA,PLA
D1_N4_img110.jpeg,PLA,PLA
D1_N4_img111.jpeg,PLA,PLA
D1_N4_img112.jpeg,PLA,PLA
D1_N4_img113.jpeg,PLA,PLA
D1_N4_img114.jpeg,PLA,PLA
D1_N4_img115.jpeg,PLA,PLA
D1_N4_img116.jpeg,PLA,PLA
D1_N4_img117.jpeg,PLA,PLA
D1_N4_img118.jpeg,PLA,PLA
D1_N4_img119.jpeg,PLA,PLA
D1_N4_img12.jpeg,PLA,PLA
D1_N4_img120.jpeg,PLA,PLA
D1_N4_img13.jpeg,PLA,PLA
D1_N4_img14.jpeg,PLA,PLA
D1_N4_img15.jpeg,PLA,PLA
D1_N4_img16.jpeg,PLA,PLA
D1_N4_img17.jpeg,PLA,PLA
D1_N4_img18.jpeg,PLA,PLA
D1_N4_img19.jpeg,PLA,PLA
D1_N4_img2.jpeg,PLA,PLA
D1_N4_img20.jpeg,PLA,PLA
D1_N4_img21.jpeg,PLA,PLA
D1_N4_img22.jpeg,PLA,PLA
D1_N4_img23.jpeg,PLA,PLA
D1_N4_img24.jpeg,PLA,PLA
D1_N4_img25.jpeg,PLA,PLA
D1_N4_img26.jpeg,PLA,PLA
D1_N4_img27.jpeg,PLA,PLA
D1_N4_img28.jpeg,PLA,PLA
D1_N4_img29.jpeg,PLA,PLA
D1_N4_img3.jpeg,PLA,PLA
D1_N4_img30.jpeg,PLA,PLA
D1_N4_img31.jpeg,PLA,PLA
D1_N4_img32.jpeg,PLA,PLA
D1_N4_img33.jpeg,PLA,PLA
D1_N4_img34.jpeg,PLA,PLA
D1_N4_img35.jpeg,PLA,PLA
D1_N4_img36.jpeg,PLA,PLA
D1_N4_img37.jpeg,PLA,PLA
D1_N4_img38.jpeg,PLA,PLA
D1_N4_img39.jpeg,PLA,PLA
D1_N4_img4.jpeg,PLA,PLA
D1_N4_img40.jpeg,PLA,PLA
D1_N4_img41.jpeg,PLA,PLA
D1_N4_img42.jpeg,PLA,PLA
D1_N4_img43.jpeg,PLA,PLA
D1_N4_img44.jpeg,PLA,PLA
D1_N4_img45.jpeg,PLA,PLA
D1_N4_img46.jpeg,PLA,PLA
D1_N4_img47.jpeg,PLA,PLA
D1_N4_img48.jpeg,PLA,PLA
D1_N4_img49.jpeg,PLA,PLA
D1_N4_img5.jpeg,PLA,PLA
D1_N4_img50.jpeg,PLA,PLA
D1_N4_img51.jpeg,PLA,PLA
D1_N4_img52.jpeg,PLA,PLA
D1_N4_img53.jpeg,PLA,PLA
D1_N4_img54.jpeg,PLA,PLA
D1_N4_img55.jpeg,PLA,PLA
D1_N4_img56.jpeg,PLA,PLA
D1_N4_img57.jpeg,PLA,PLA
D1_N4_img58.jpeg,PLA,PLA
D1_N4_img59.jpeg,PLA,PLA
D1_N4_img6.jpeg,PLA,PLA
D1_N4_img60.jpeg,PLA,PLA
D1_N4_img61.jpeg,PLA,PLA
D1_N4_img62.jpeg,PLA,PLA
D1_N4_img63.jpeg,PLA,PLA
D1_N4_img64.jpeg,PLA,PLA
D1_N4_img65.jpeg,PLA,PLA
D1_N4_img66.jpeg,PLA,PLA
D1_N4_img67.jpeg,PLA,PLA
D1_N4_img68.jpeg,PLA,PLA
D1_N4_img69.jpeg,PLA,PLA
D1_N4_img7.jpeg,PLA,PLA
D1_N4_img70.jpeg,PLA,PLA
D1_N4_img71.jpeg,PLA,PLA
D1_N4_img72.jpeg,PLA,PLA
D1_N4_img73.jpeg,PLA,PLA
D1_N4_img74.jpeg,PLA,PLA
D1_N4_img75.jpeg,PLA,PLA
D1_N4_img76.jpeg,PLA,PLA
D1_N4_img77.jpeg,PLA,PLA
D1_N4_img78.jpeg,PLA,PLA
D1_N4_img79.jpeg,PLA,PLA
D1_N4_img8.jpeg,PLA,PLA
D1_N4_img80.jpeg,PLA,PLA
D1_N4_img81.jpeg,PLA,PLA
D1_N4_img82.jpeg,PLA,PLA
D1_N4_img83.jpeg,PLA,PLA
D1_N4_img84.jpeg,PLA,PLA
D1_N4_img85.jpeg,PLA,PLA
D1_N4_img86.jpeg,PLA,PLA
D1_N4_img87.jpeg,PLA,PLA
D1_N4_img88.jpeg,PLA,PLA
D1_N4_img89.jpeg,PLA,PLA
D1_N4_img9.jpeg,PLA,PLA
D1_N4_img90.jpeg,PLA,PLA
D1_N4_img91.jpeg,PLA,PLA
D1_N4_img92.jpeg,PLA,PLA
D1_N4_img93.jpeg,PLA,PLA
D1_N4_img94.jpeg,PLA,PLA
D1_N4_img95.jpeg,PLA,PLA
D1_N4_img96.jpeg,PLA,PLA
D1_N4_img97.jpeg,PLA,PLA
D1_N4_img98.jpeg,PLA,PLA
D1_N4_img99.jpeg,PLA,PLA
D8_N4_img1.jpeg,PLA,PLA
D8_N4_img10.jpeg,PLA,PLA
D8_N4_img100.jpeg,PLA,PLA
D8_N4_img101.jpeg,PLA,PLA
D8_N4_img102.jpeg,PLA,PLA
D8_N4_img103.jpeg,PLA,PLA
D8_N4_img104.jpeg,PLA,PLA
D8_N4_img105.jpeg,PLA,PLA
D8_N4_img106.jpeg,PLA,PLA
D8_N4_img107.jpeg,PLA,PLA
D8_N4_img108.jpeg,PLA,PLA
D8_N4_img109.jpeg,PLA,PLA
D8_N4_img11.jpeg,PLA,PLA
D8_N4_img110.jpeg,PLA,PLA
D8_N4_img111.jpeg,PLA,PLA
D8_N4_img112.jpeg,PLA,PLA
D8_N4_img113.jpeg,PLA,PLA
D8_N4_img114.jpeg,PLA,PLA
D8_N4_img115.jpeg,PLA,PLA
D8_N4_img116.jpeg,PLA,PLA
D8_N4_img117.jpeg,PLA,PLA
D8_N4_img118.jpeg,PLA,PLA
D8_N4_img119.jpeg,PLA,PLA
D8_N4_img12.jpeg,PLA,PLA
D8_N4_img120.jpeg,PLA,PLA
D8_N4_img121.jpeg,PLA,PLA
D8_N4_img13.jpeg,PLA,PLA
D8_N4_img14.jpeg,PLA,PLA
D8_N4_img15.jpeg,PLA,LDPE
D8_N4_img16.jpeg,PLA,PLA
D8_N4_img17.jpeg,PLA,LDPE
D8_N4_img18.jpeg,PLA,PLA
D8_N4_img19.jpeg,PLA,PLA
D8_N4_img2.jpeg,PLA,PLA
D8_N4_img20.jpeg,PLA,PLA
D8_N4_img21.jpeg,PLA,PLA
D8_N4_img22.jpeg,PLA,PLA
D8_N4_img23.jpeg,PLA,PLA
D8_N4_img24.jpeg,PLA,PLA
D8_N4_img25.jpeg,PLA,PLA
D8_N4_img26.jpeg,PLA,PLA
D8_N4_img27.jpeg,PLA,PLA
D8_N4_img28.jpeg,PLA,PLA
D8_N4_img29.jpeg,PLA,PLA
D8_N4_img3.jpeg,PLA,PLA
D8_N4_img30.jpeg,PLA,PLA
D8_N4_img31.jpeg,PLA,PLA
D8_N4_img32.jpeg,PLA,PLA
D8_N4_img33.jpeg,PLA,PLA
D8_N4_img34.jpeg,PLA,PLA
D8_N4_img35.jpeg,PLA,PLA
D8_N4_img36.jpeg,PLA,PLA
D8_N4_img37.jpeg,PLA,PLA
D8_N4_img38.jpeg,PLA,PLA
D8_N4_img39.jpeg,PLA,PLA
D8_N4_img4.jpeg,PLA,PLA
D8_N4_img40.jpeg,PLA,PLA
D8_N4_img41.jpeg,PLA,PLA
D8_N4_img42.jpeg,PLA,PLA
D8_N4_img43.jpeg,PLA,PLA
D8_N4_img44.jpeg,PLA,PLA
D8_N4_img45.jpeg,PLA,PLA
D8_N4_img46.jpeg,PLA,PLA
D8_N4_img47.jpeg,PLA,PLA
D8_N4_img48.jpeg,PLA,PLA
D8_N4_img49.jpeg,PLA,PLA
D8_N4_img5.jpeg,PLA,PLA
D8_N4_img50.jpeg,PLA,LDPE
D8_N4_img51.jpeg,PLA,PLA
D8_N4_img52.jpeg,PLA,PLA
D8_N4_img53.jpeg,PLA,PLA
D8_N4_img54.jpeg,PLA,PLA
D8_N4_img55.jpeg,PLA,PLA
D8_N4_img56.jpeg,PLA,PLA
D8_N4_img57.jpeg,PLA,PLA
D8_N4_img58.jpeg,PLA,PLA
D8_N4_img59.jpeg,PLA,PLA
D8_N4_img6.jpeg,PLA,PLA
D8_N4_img60.jpeg,PLA,PLA
D8_N4_img61.jpeg,PLA,PLA
D8_N4_img62.jpeg,PLA,PLA
D8_N4_img63.jpeg,PLA,PLA
D8_N4_img64.jpeg,PLA,PLA
D8_N4_img65.jpeg,PLA,PLA
D8_N4_img66.jpeg,PLA,PLA
D8_N4_img67.jpeg,PLA,PLA
D8_N4_img68.jpeg,PLA,PLA
D8_N4_img69.jpeg,PLA,PLA
D8_N4_img7.jpeg,PLA,PLA
D8_N4_img70.jpeg,PLA,PLA
D8_N4_img71.jpeg,PLA,PLA
D8_N4_img72.jpeg,PLA,PLA
D8_N4_img73.jpeg,PLA,PLA
D8_N4_img74.jpeg,PLA,PLA
D8_N4_img75.jpeg,PLA,PLA
D8_N4_img76.jpeg,PLA,PLA
D8_N4_img77.jpeg,PLA,PLA
D8_N4_img78.jpeg,PLA,PLA
D8_N4_img79.jpeg,PLA,PLA
D8_N4_img8.jpeg,PLA,PLA
D8_N4_img80.jpeg,PLA,PLA
D8_N4_img81.jpeg,PLA,PLA
D8_N4_img82.jpeg,PLA,PLA
D8_N4_img83.jpeg,PLA,PLA
D8_N4_img84.jpeg,PLA,PLA
D8_N4_img85.jpeg,PLA,PLA
D8_N4_img86.jpeg,PLA,PLA
D8_N4_img87.jpeg,PLA,PLA
D8_N4_img88.jpeg,PLA,PLA
D8_N4_img89.jpeg,PLA,PLA
D8_N4_img9.jpeg,PLA,PLA
D8_N4_img90.jpeg,PLA,PLA
D8_N4_img91.jpeg,PLA,PLA
D8_N4_img92.jpeg,PLA,PLA
D8_N4_img93.jpeg,PLA,PLA
D8_N4_img94.jpeg,PLA,PLA
D8_N4_img95.jpeg,PLA,PLA
D8_N4_img96.jpeg,PLA,PLA
D8_N4_img97.jpeg,PLA,PLA
D8_N4_img98.jpeg,PLA,PLA
D8_N4_img99.jpeg,PLA,PLA
G3_N4_img1.jpeg,PLA,PLA
G3_N4_img10.jpeg,PLA,PLA
G3_N4_img100.jpeg,PLA,PLA
G3_N4_img101.jpeg,PLA,PLA
G3_N4_img102.jpeg,PLA,PLA
G3_N4_img103.jpeg,PLA,PLA
G3_N4_img104.jpeg,PLA,PLA
G3_N4_img105.jpeg,PLA,PLA
G3_N4_img106.jpeg,PLA,PLA
G3_N4_img107.jpeg,PLA,PLA
G3_N4_img108.jpeg,PLA,PLA
G3_N4_img109.jpeg,PLA,PLA
G3_N4_img11.jpeg,PLA,PLA
G3_N4_img110.jpeg,PLA,PLA
G3_N4_img111.jpeg,PLA,PLA
G3_N4_img112.jpeg,PLA,PLA
G3_N4_img113.jpeg,PLA,PLA
G3_N4_img114.jpeg,PLA,PLA
G3_N4_img115.jpeg,PLA,PLA
G3_N4_img116.jpeg,PLA,PLA
G3_N4_img117.jpeg,PLA,PLA
G3_N4_img118.jpeg,PLA,PLA
G3_N4_img119.jpeg,PLA,PLA
G3_N4_img12.jpeg,PLA,PLA
G3_N4_img120.jpeg,PLA,PLA
G3_N4_img13.jpeg,PLA,PLA
G3_N4_img14.jpeg,PLA,PLA
G3_N4_img15.jpeg,PLA,PLA
G3_N4_img16.jpeg,PLA,PLA
G3_N4_img17.jpeg,PLA,PLA
G3_N4_img18.jpeg,PLA,PLA
G3_N4_img19.jpeg,PLA,PLA
G3_N4_img2.jpeg,PLA,PLA
G3_N4_img20.jpeg,PLA,PLA
G3_N4_img21.jpeg,PLA,PLA
G3_N4_img22.jpeg,PLA,PLA
G3_N4_img23.jpeg,PLA,PLA
G3_N4_img24.jpeg,PLA,PLA
G3_N4_img25.jpeg,PLA,PLA
G3_N4_img26.jpeg,PLA,PLA
G3_N4_img27.jpeg,PLA,PLA
G3_N4_img28.jpeg,PLA,PLA
G3_N4_img29.jpeg,PLA,PLA
G3_N4_img3.jpeg,PLA,PLA
G3_N4_img30.jpeg,PLA,PLA
G3_N4_img31.jpeg,PLA,PLA
G3_N4_img32.jpeg,PLA,PLA
G3_N4_img33.jpeg,PLA,PLA
G3_N4_img34.jpeg,PLA,PLA
G3_N4_img35.jpeg,PLA,PLA
G3_N4_img36.jpeg,PLA,PLA
G3_N4_img37.jpeg,PLA,PLA
G3_N4_img38.jpeg,PLA,PLA
G3_N4_img39.jpeg,PLA,PLA
G3_N4_img4.jpeg,PLA,PLA
G3_N4_img40.jpeg,PLA,PLA
G3_N4_img41.jpeg,PLA,PLA
G3_N4_img42.jpeg,PLA,PLA
G3_N4_img43.jpeg,PLA,PLA
G3_N4_img44.jpeg,PLA,PLA
G3_N4_img45.jpeg,PLA,PLA
G3_N4_img46.jpeg,PLA,PLA
G3_N4_img47.jpeg,PLA,PLA
G3_N4_img48.jpeg,PLA,PLA
G3_N4_img49.jpeg,PLA,PLA
G3_N4_img5.jpeg,PLA,PLA
G3_N4_img50.jpeg,PLA,PLA
G3_N4_img51.jpeg,PLA,PLA
G3_N4_img52.jpeg,PLA,PLA
G3_N4_img53.jpeg,PLA,PLA
G3_N4_img54.jpeg,PLA,PLA
G3_N4_img55.jpeg,PLA,PLA
G3_N4_img56.jpeg,PLA,PLA
G3_N4_img57.jpeg,PLA,PLA
G3_N4_img58.jpeg,PLA,PLA
G3_N4_img59.jpeg,PLA,PLA
G3_N4_img6.jpeg,PLA,PLA
G3_N4_img60.jpeg,PLA,PLA
G3_N4_img61.jpeg,PLA,PLA
G3_N4_img62.jpeg,PLA,PLA
G3_N4_img63.jpeg,PLA,PLA
G3_N4_img64.jpeg,PLA,PLA
G3_N4_img65.jpeg,PLA,PLA
G3_N4_img66.jpeg,PLA,PLA
G3_N4_img67.jpeg,PLA,PLA
G3_N4_img68.jpeg,PLA,PLA
G3_N4_img69.jpeg,PLA,PLA
G3_N4_img7.jpeg,PLA,PLA
G3_N4_img70.jpeg,PLA,PLA
G3_N4_img71.jpeg,PLA,PLA
G3_N4_img72.jpeg,PLA,PLA
G3_N4_img73.jpeg,PLA,PLA
G3_N4_img74.jpeg,PLA,PLA
G3_N4_img75.jpeg,PLA,PLA
G3_N4_img76.jpeg,PLA,PLA
G3_N4_img77.jpeg,PLA,PLA
G3_N4_img78.jpeg,PLA,PLA
G3_N4_img79.jpeg,PLA,PLA
G3_N4_img8.jpeg,PLA,PLA
G3_N4_img80.jpeg,PLA,PLA
G3_N4_img81.jpeg,PLA,PLA
G3_N4_img82.jpeg,PLA,PLA
G3_N4_img83.jpeg,PLA,PLA
G3_N4_img84.jpeg,PLA,PLA
G3_N4_img85.jpeg,PLA,PLA
G3_N4_img86.jpeg,PLA,PLA
G3_N4_img87.jpeg,PLA,PLA
G3_N4_img88.jpeg,PLA,PLA
G3_N4_img89.jpeg,PLA,PLA
G3_N4_img9.jpeg,PLA,PLA
G3_N4_img90.jpeg,PLA,PLA
G3_N4_img91.jpeg,PLA,PLA
G3_N4_img92.jpeg,PLA,PLA
G3_N4_img93.jpeg,PLA,PLA
G3_N4_img94.jpeg,PLA,PLA
G3_N4_img95.jpeg,PLA,PLA
G3_N4_img96.jpeg,PLA,PLA
G3_N4_img97.jpeg,PLA,PLA
G3_N4_img98.jpeg,PLA,PLA
G3_N4_img99.jpeg,PLA,PLA
T12_N4_img1.jpeg,PLA,PLA
T12_N4_img10.jpeg,PLA,PLA
T12_N4_img100.jpeg,PLA,PLA
T12_N4_img101.jpeg,PLA,PLA
T12_N4_img102.jpeg,PLA,PLA
T12_N4_img103.jpeg,PLA,PLA
T12_N4_img104.jpeg,PLA,PLA
T12_N4_img105.jpeg,PLA,PLA
T12_N4_img106.jpeg,PLA,PLA
T12_N4_img107.jpeg,PLA,PLA
T12_N4_img108.jpeg,PLA,PLA
T12_N4_img109.jpeg,PLA,PLA
T12_N4_img11.jpeg,PLA,PLA
T12_N4_img110.jpeg,PLA,PLA
T12_N4_img111.jpeg,PLA,PLA
T12_N4_img112.jpeg,PLA,PLA
T12_N4_img113.jpeg,PLA,PLA
T12_N4_img114.jpeg,PLA,PLA
T12_N4_img115.jpeg,PLA,PLA
T12_N4_img116.jpeg,PLA,PLA
T12_N4_img117.jpeg,PLA,PLA
T12_N4_img118.jpeg,PLA,PLA
T12_N4_img119.jpeg,PLA,PLA
T12_N4_img12.jpeg,PLA,PLA
T12_N4_img120.jpeg,PLA,PLA
T12_N4_img13.jpeg,PLA,PLA
T12_N4_img14.jpeg,PLA,PLA
T12_N4_img15.jpeg,PLA,PLA
T12_N4_img16.jpeg,PLA,PLA
T12_N4_img17.jpeg,PLA,PLA
T12_N4_img18.jpeg,PLA,PLA
T12_N4_img19.jpeg,PLA,PLA
T12_N4_img2.jpeg,PLA,PLA
T12_N4_img20.jpeg,PLA,PLA
T12_N4_img21.jpeg,PLA,PLA
T12_N4_img22.jpeg,PLA,PLA
T12_N4_img23.jpeg,PLA,PLA
T12_N4_img24.jpeg,PLA,PLA
T12_N4_img25.jpeg,PLA,PLA
T12_N4_img26.jpeg,PLA,PLA
T12_N4_img27.jpeg,PLA,PLA
T12_N4_img28.jpeg,PLA,PLA
T12_N4_img29.jpeg,PLA,PLA
T12_N4_img3.jpeg,PLA,PLA
T12_N4_img30.jpeg,PLA,PLA
T12_N4_img31.jpeg,PLA,PLA
T12_N4_img32.jpeg,PLA,PLA
T12_N4_img33.jpeg,PLA,PLA
T12_N4_img34.jpeg,PLA,PLA
T12_N4_img35.jpeg,PLA,PLA
T12_N4_img36.jpeg,PLA,PLA
T12_N4_img37.jpeg,PLA,PLA
T12_N4_img38.jpeg,PLA,PLA
T12_N4_img39.jpeg,PLA,PLA
T12_N4_img4.jpeg,PLA,PLA
T12_N4_img40.jpeg,PLA,PLA
T12_N4_img41.jpeg,PLA,PLA
T12_N4_img42.jpeg,PLA,PLA
T12_N4_img43.jpeg,PLA,PLA
T12_N4_img44.jpeg,PLA,PLA
T12_N4_img45.jpeg,PLA,PLA
T12_N4_img46.jpeg,PLA,PLA
T12_N4_img47.jpeg,PLA,PLA
T12_N4_img48.jpeg,PLA,PLA
T12_N4_img49.jpeg,PLA,PLA
T12_N4_img5.jpeg,PLA,PLA
T12_N4_img50.jpeg,PLA,PLA
T12_N4_img51.jpeg,PLA,PLA
T12_N4_img52.jpeg,PLA,PLA
T12_N4_img53.jpeg,PLA,PLA
T12_N4_img54.jpeg,PLA,PLA
T12_N4_img55.jpeg,PLA,PLA
T12_N4_img56.jpeg,PLA,PLA
T12_N4_img57.jpeg,PLA,PLA
T12_N4_img58.jpeg,PLA,PLA
T12_N4_img59.jpeg,PLA,PLA
T12_N4_img6.jpeg,PLA,PLA
T12_N4_img60.jpeg,PLA,PLA
T12_N4_img61.jpeg,PLA,PLA
T12_N4_img62.jpeg,PLA,PLA
T12_N4_img63.jpeg,PLA,PLA
T12_N4_img64.jpeg,PLA,PLA
T12_N4_img65.jpeg,PLA,PLA
T12_N4_img66.jpeg,PLA,PLA
T12_N4_img67.jpeg,PLA,PLA
T12_N4_img68.jpeg,PLA,PLA
T12_N4_img69.jpeg,PLA,LDPE
T12_N4_img7.jpeg,PLA,PLA
T12_N4_img70.jpeg,PLA,LDPE
T12_N4_img71.jpeg,PLA,PLA
T12_N4_img72.jpeg,PLA,PLA
T12_N4_img73.jpeg,PLA,PLA
T12_N4_img74.jpeg,PLA,PLA
T12_N4_img75.jpeg,PLA,PLA
T12_N4_img76.jpeg,PLA,PLA
T12_N4_img77.jpeg,PLA,PLA
T12_N4_img78.jpeg,PLA,PLA
T12_N4_img79.jpeg,PLA,PLA
T12_N4_img8.jpeg,PLA,PLA
T12_N4_img80.jpeg,PLA,LDPE
T12_N4_img81.jpeg,PLA,PLA
T12_N4_img82.jpeg,PLA,LDPE
T12_N4_img83.jpeg,PLA,PLA
T12_N4_img84.jpeg,PLA,PLA
T12_N4_img85.jpeg,PLA,PLA
T12_N4_img86.jpeg,PLA,PLA
T12_N4_img87.jpeg,PLA,PLA
T12_N4_img88.jpeg,PLA,PLA
T12_N4_img89.jpeg,PLA,PLA
T12_N4_img9.jpeg,PLA,PLA
T12_N4_img90.jpeg,PLA,PLA
T12_N4_img91.jpeg,PLA,PLA
T12_N4_img92.jpeg,PLA,PLA
T12_N4_img93.jpeg,PLA,PLA
T12_N4_img94.jpeg,PLA,PLA
T12_N4_img95.jpeg,PLA,PLA
T12_N4_img96.jpeg,PLA,PLA
T12_N4_img97.jpeg,PLA,PLA
T12_N4_img98.jpeg,PLA,PLA
T12_N4_img99.jpeg,PLA,PLA
T3_N4_img1.jpeg,PLA,PLA
T3_N4_img10.jpeg,PLA,PLA
T3_N4_img100.jpeg,PLA,PLA
T3_N4_img101.jpeg,PLA,PLA
T3_N4_img102.jpeg,PLA,PLA
T3_N4_img103.jpeg,PLA,PLA
T3_N4_img104.jpeg,PLA,PLA
T3_N4_img105.jpeg,PLA,PLA
T3_N4_img106.jpeg,PLA,PLA
T3_N4_img107.jpeg,PLA,PLA
T3_N4_img108.jpeg,PLA,PLA
T3_N4_img109.jpeg,PLA,PLA
T3_N4_img11.jpeg,PLA,PLA
T3_N4_img110.jpeg,PLA,PLA
T3_N4_img111.jpeg,PLA,PLA
T3_N4_img112.jpeg,PLA,PLA
T3_N4_img113.jpeg,PLA,PLA
T3_N4_img114.jpeg,PLA,PLA
T3_N4_img115.jpeg,PLA,PLA
T3_N4_img116.jpeg,PLA,PLA
T3_N4_img117.jpeg,PLA,PLA
T3_N4_img118.jpeg,PLA,PLA
T3_N4_img119.jpeg,PLA,PLA
T3_N4_img12.jpeg,PLA,PLA
T3_N4_img120.jpeg,PLA,PLA
T3_N4_img13.jpeg,PLA,PLA
T3_N4_img14.jpeg,PLA,PLA
T3_N4_img15.jpeg,PLA,PLA
T3_N4_img16.jpeg,PLA,PLA
T3_N4_img17.jpeg,PLA,PLA
T3_N4_img18.jpeg,PLA,PLA
T3_N4_img19.jpeg,PLA,PLA
T3_N4_img2.jpeg,PLA,PLA
T3_N4_img20.jpeg,PLA,PLA
T3_N4_img21.jpeg,PLA,PLA
T3_N4_img22.jpeg,PLA,PLA
T3_N4_img23.jpeg,PLA,PLA
T3_N4_img24.jpeg,PLA,PLA
T3_N4_img25.jpeg,PLA,PLA
T3_N4_img26.jpeg,PLA,PLA
T3_N4_img27.jpeg,PLA,PLA
T3_N4_img28.jpeg,PLA,PLA
T3_N4_img29.jpeg,PLA,PLA
T3_N4_img3.jpeg,PLA,PLA
T3_N4_img30.jpeg,PLA,PLA
T3_N4_img31.jpeg,PLA,PLA
T3_N4_img32.jpeg,PLA,PLA
T3_N4_img33.jpeg,PLA,PLA
T3_N4_img34.jpeg,PLA,PLA
T3_N4_img35.jpeg,PLA,PLA
T3_N4_img36.jpeg,PLA,PLA
T3_N4_img37.jpeg,PLA,PLA
T3_N4_img38.jpeg,PLA,PLA
T3_N4_img39.jpeg,PLA,PLA
T3_N4_img4.jpeg,PLA,PLA
T3_N4_img40.jpeg,PLA,PLA
T3_N4_img41.jpeg,PLA,PLA
T3_N4_img42.jpeg,PLA,PLA
T3_N4_img43.jpeg,PLA,PLA
T3_N4_img44.jpeg,PLA,PLA
T3_N4_img45.jpeg,PLA,PLA
T3_N4_img46.jpeg,PLA,PLA
T3_N4_img47.jpeg,PLA,PLA
T3_N4_img48.jpeg,PLA,PLA
T3_N4_img49.jpeg,PLA,PLA
T3_N4_img5.jpeg,PLA,PLA
T3_N4_img50.jpeg,PLA,PLA
T3_N4_img51.jpeg,PLA,PLA
T3_N4_img52.jpeg,PLA,PLA
T3_N4_img53.jpeg,PLA,PLA
T3_N4_img54.jpeg,PLA,PLA
T3_N4_img55.jpeg,PLA,PLA
T3_N4_img56.jpeg,PLA,PLA
T3_N4_img57.jpeg,PLA,PLA
T3_N4_img58.jpeg,PLA,PLA
T3_N4_img59.jpeg,PLA,PLA
T3_N4_img6.jpeg,PLA,PLA
T3_N4_img60.jpeg,PLA,PLA
T3_N4_img61.jpeg,PLA,PLA
T3_N4_img62.jpeg,PLA,PLA
T3_N4_img63.jpeg,PLA,PLA
T3_N4_img64.jpeg,PLA,PLA
T3_N4_img65.jpeg,PLA,PLA
T3_N4_img66.jpeg,PLA,PLA
T3_N4_img67.jpeg,PLA,PLA
T3_N4_img68.jpeg,PLA,PLA
T3_N4_img69.jpeg,PLA,PLA
T3_N4_img7.jpeg,PLA,PLA
T3_N4_img70.jpeg,PLA,PLA
T3_N4_img71.jpeg,PLA,PLA
T3_N4_img72.jpeg,PLA,PLA
T3_N4_img73.jpeg,PLA,PLA
T3_N4_img74.jpeg,PLA,PLA
T3_N4_img75.jpeg,PLA,PLA
T3_N4_img76.jpeg,PLA,PLA
T3_N4_img77.jpeg,PLA,PLA
T3_N4_img78.jpeg,PLA,PLA
T3_N4_img79.jpeg,PLA,PLA
T3_N4_img8.jpeg,PLA,PLA
T3_N4_img80.jpeg,PLA,PLA
T3_N4_img81.jpeg,PLA,PLA
T3_N4_img82.jpeg,PLA,PLA
T3_N4_img83.jpeg,PLA,PLA
T3_N4_img84.jpeg,PLA,PLA
T3_N4_img85.jpeg,PLA,PLA
T3_N4_img86.jpeg,PLA,PLA
T3_N4_img87.jpeg,PLA,PLA
T3_N4_img88.jpeg,PLA,PLA
T3_N4_img89.jpeg,PLA,PLA
T3_N4_img9.jpeg,PLA,PLA
T3_N4_img90.jpeg,PLA,PLA
T3_N4_img91.jpeg,PLA,PLA
T3_N4_img92.jpeg,PLA,PLA
T3_N4_img93.jpeg,PLA,PLA
T3_N4_img94.jpeg,PLA,PLA
T3_N4_img95.jpeg,PLA,PLA
T3_N4_img96.jpeg,PLA,PLA
T3_N4_img97.jpeg,PLA,PLA
T3_N4_img98.jpeg,PLA,PLA
T3_N4_img99.jpeg,PLA,PLA
D1_N8_img1.jpeg,PP,PP
D1_N8_img10.jpeg,PP,PP
D1_N8_img100.jpeg,PP,PP
D1_N8_img101.jpeg,PP,PP
D1_N8_img102.jpeg,PP,PP
D1_N8_img103.jpeg,PP,PP
D1_N8_img104.jpeg,PP,PP
D1_N8_img105.jpeg,PP,PP
D1_N8_img106.jpeg,PP,PP
D1_N8_img107.jpeg,PP,PP
D1_N8_img108.jpeg,PP,PP
D1_N8_img109.jpeg,PP,PP
D1_N8_img11.jpeg,PP,PP
D1_N8_img110.jpeg,PP,PP
D1_N8_img111.jpeg,PP,PP
D1_N8_img112.jpeg,PP,PP
D1_N8_img113.jpeg,PP,PP
D1_N8_img114.jpeg,PP,PP
D1_N8_img115.jpeg,PP,PP
D1_N8_img116.jpeg,PP,PP
D1_N8_img117.jpeg,PP,PP
D1_N8_img118.jpeg,PP,PP
D1_N8_img119.jpeg,PP,PP
D1_N8_img12.jpeg,PP,PP
D1_N8_img120.jpeg,PP,PP
D1_N8_img13.jpeg,PP,PP
D1_N8_img14.jpeg,PP,PP
D1_N8_img15.jpeg,PP,PP
D1_N8_img16.jpeg,PP,PP
D1_N8_img17.jpeg,PP,PP
D1_N8_img18.jpeg,PP,PP
D1_N8_img19.jpeg,PP,PP
D1_N8_img2.jpeg,PP,PP
D1_N8_img20.jpeg,PP,PP
D1_N8_img21.jpeg,PP,PP
D1_N8_img22.jpeg,PP,PP
D1_N8_img23.jpeg,PP,PP
D1_N8_img24.jpeg,PP,PP
D1_N8_img25.jpeg,PP,PP
D1_N8_img26.jpeg,PP,PP
D1_N8_img27.jpeg,PP,PP
D1_N8_img28.jpeg,PP,PP
D1_N8_img29.jpeg,PP,PP
D1_N8_img3.jpeg,PP,PP
D1_N8_img30.jpeg,PP,PP
D1_N8_img31.jpeg,PP,PP
D1_N8_img32.jpeg,PP,PP
D1_N8_img33.jpeg,PP,PP
D1_N8_img34.jpeg,PP,PP
D1_N8_img35.jpeg,PP,PP
D1_N8_img36.jpeg,PP,PP
D1_N8_img37.jpeg,PP,PP
D1_N8_img38.jpeg,PP,PP
D1_N8_img39.jpeg,PP,PP
D1_N8_img4.jpeg,PP,PP
D1_N8_img40.jpeg,PP,PP
D1_N8_img41.jpeg,PP,PP
D1_N8_img42.jpeg,PP,PP
D1_N8_img43.jpeg,PP,PP
D1_N8_img44.jpeg,PP,PP
D1_N8_img45.jpeg,PP,PP
D1_N8_img46.jpeg,PP,PP
D1_N8_img47.jpeg,PP,PP
D1_N8_img48.jpeg,PP,PP
D1_N8_img49.jpeg,PP,PP
D1_N8_img5.jpeg,PP,PP
D1_N8_img50.jpeg,PP,PP
D1_N8_img51.jpeg,PP,PP
D1_N8_img52.jpeg,PP,PP
D1_N8_img53.jpeg,PP,PP
D1_N8_img54.jpeg,PP,PP
D1_N8_img55.jpeg,PP,PP
D1_N8_img56.jpeg,PP,PP
D1_N8_img57.jpeg,PP,PP
D1_N8_img58.jpeg,PP,PP
D1_N8_img59.jpeg,PP,PP
D1_N8_img6.jpeg,PP,PP
D1_N8_img60.jpeg,PP,PP
D1_N8_img61.jpeg,PP,PP
D1_N8_img62.jpeg,PP,PP
D1_N8_img63.jpeg,PP,PP
D1_N8_img64.jpeg,PP,PP
D1_N8_img65.jpeg,PP,PP
D1_N8_img66.jpeg,PP,PP
D1_N8_img67.jpeg,PP,PP
D1_N8_img68.jpeg,PP,PP
D1_N8_img69.jpeg,PP,PP
D1_N8_img7.jpeg,PP,PP
D1_N8_img70.jpeg,PP,PP
D1_N8_img71.jpeg,PP,PP
D1_N8_img72.jpeg,PP,PP
D1_N8_img73.jpeg,PP,PP
D1_N8_img74.jpeg,PP,PP
D1_N8_img75.jpeg,PP,PP
D1_N8_img76.jpeg,PP,PP
D1_N8_img77.jpeg,PP,PP
D1_N8_img78.jpeg,PP,PP
D1_N8_img79.jpeg,PP,PP
D1_N8_img8.jpeg,PP,PP
D1_N8_img80.jpeg,PP,PP
D1_N8_img81.jpeg,PP,PP
D1_N8_img82.jpeg,PP,PP
D1_N8_img83.jpeg,PP,PP
D1_N8_img84.jpeg,PP,PP
D1_N8_img85.jpeg,PP,PP
D1_N8_img86.jpeg,PP,PP
D1_N8_img87.jpeg,PP,PP
D1_N8_img88.jpeg,PP,PP
D1_N8_img89.jpeg,PP,PP
D1_N8_img9.jpeg,PP,PP
D1_N8_img90.jpeg,PP,PP
D1_N8_img91.jpeg,PP,PP
D1_N8_img92.jpeg,PP,PP
D1_N8_img93.jpeg,PP,PP
D1_N8_img94.jpeg,PP,PP
D1_N8_img95.jpeg,PP,PP
D1_N8_img96.jpeg,PP,PP
D1_N8_img97.jpeg,PP,PP
D1_N8_img98.jpeg,PP,PP
D1_N8_img99.jpeg,PP,PP
D8_N8_img1.jpeg,PP,PP
D8_N8_img10.jpeg,PP,oxo-PE
D8_N8_img100.jpeg,PP,LDPE
D8_N8_img101.jpeg,PP,LDPE
D8_N8_img102.jpeg,PP,PLA
D8_N8_img103.jpeg,PP,PLA
D8_N8_img104.jpeg,PP,LDPE
D8_N8_img105.jpeg,PP,PP
D8_N8_img106.jpeg,PP,LDPE
D8_N8_img107.jpeg,PP,LDPE
D8_N8_img108.jpeg,PP,uv-PE
D8_N8_img109.jpeg,PP,PLA
D8_N8_img11.jpeg,PP,PP
D8_N8_img110.jpeg,PP,PP
D8_N8_img111.jpeg,PP,uv-PE
D8_N8_img112.jpeg,PP,uv-PE
D8_N8_img113.jpeg,PP,uv-PE
D8_N8_img114.jpeg,PP,LDPE
D8_N8_img115.jpeg,PP,PP
D8_N8_img116.jpeg,PP,uv-PE
D8_N8_img117.jpeg,PP,uv-PE
D8_N8_img118.jpeg,PP,uv-PE
D8_N8_img119.jpeg,PP,LDPE
D8_N8_img12.jpeg,PP,PP
D8_N8_img120.jpeg,PP,LDPE
D8_N8_img121.jpeg,PP,uv-PE
D8_N8_img13.jpeg,PP,PP
D8_N8_img14.jpeg,PP,PP
D8_N8_img15.jpeg,PP,PP
D8_N8_img16.jpeg,PP,PP
D8_N8_img17.jpeg,PP,uv-PE
D8_N8_img18.jpeg,PP,uv-PE
D8_N8_img19.jpeg,PP,PP
D8_N8_img2.jpeg,PP,PP
D8_N8_img20.jpeg,PP,PP
D8_N8_img21.jpeg,PP,PP
D8_N8_img22.jpeg,PP,PVC
D8_N8_img23.jpeg,PP,oxo-PE
D8_N8_img24.jpeg,PP,oxo-PE
D8_N8_img25.jpeg,PP,PLA
D8_N8_img26.jpeg,PP,LDPE
D8_N8_img27.jpeg,PP,PP
D8_N8_img28.jpeg,PP,PP
D8_N8_img29.jpeg,PP,PP
D8_N8_img3.jpeg,PP,oxo-PE
D8_N8_img30.jpeg,PP,oxo-PE
D8_N8_img31.jpeg,PP,uv-PE
D8_N8_img32.jpeg,PP,oxo-PE
D8_N8_img33.jpeg,PP,PP
D8_N8_img34.jpeg,PP,PP
D8_N8_img35.jpeg,PP,PP
D8_N8_img36.jpeg,PP,PP
D8_N8_img37.jpeg,PP,PP
D8_N8_img38.jpeg,PP,PP
D8_N8_img39.jpeg,PP,PP
D8_N8_img4.jpeg,PP,oxo-PE
D8_N8_img40.jpeg,PP,oxo-PE
D8_N8_img41.jpeg,PP,PP
D8_N8_img42.jpeg,PP,PP
D8_N8_img43.jpeg,PP,uv-PE
D8_N8_img44.jpeg,PP,uv-PE
D8_N8_img45.jpeg,PP,uv-PE
D8_N8_img46.jpeg,PP,PVC
D8_N8_img47.jpeg,PP,PP
D8_N8_img48.jpeg,PP,PP
D8_N8_img49.jpeg,PP,PP
D8_N8_img5.jpeg,PP,uv-PE
D8_N8_img50.jpeg,PP,PP
D8_N8_img51.jpeg,PP,uv-PE
D8_N8_img52.jpeg,PP,PP
D8_N8_img53.jpeg,PP,PP
D8_N8_img54.jpeg,PP,uv-PE
D8_N8_img55.jpeg,PP,PP
D8_N8_img56.jpeg,PP,PP
D8_N8_img57.jpeg,PP,oxo-PE
D8_N8_img58.jpeg,PP,uv-PE
D8_N8_img59.jpeg,PP,PP
D8_N8_img6.jpeg,PP,PP
D8_N8_img60.jpeg,PP,PP
D8_N8_img61.jpeg,PP,uv-PE
D8_N8_img62.jpeg,PP,uv-PE
D8_N8_img63.jpeg,PP,LDPE
D8_N8_img64.jpeg,PP,LDPE
D8_N8_img65.jpeg,PP,LDPE
D8_N8_img66.jpeg,PP,LDPE
D8_N8_img67.jpeg,PP,uv-PE
D8_N8_img68.jpeg,PP,LDPE
D8_N8_img69.jpeg,PP,LDPE
D8_N8_img7.jpeg,PP,PP
D8_N8_img70.jpeg,PP,uv-PE
D8_N8_img71.jpeg,PP,LDPE
D8_N8_img72.jpeg,PP,LDPE
D8_N8_img73.jpeg,PP,PP
D8_N8_img74.jpeg,PP,PLA
D8_N8_img75.jpeg,PP,uv-PE
D8_N8_img76.jpeg,PP,LDPE
D8_N8_img77.jpeg,PP,uv-PE
D8_N8_img78.jpeg,PP,LDPE
D8_N8_img79.jpeg,PP,uv-PE
D8_N8_img8.jpeg,PP,oxo-PE
D8_N8_img80.jpeg,PP,uv-PE
D8_N8_img81.jpeg,PP,LDPE
D8_N8_img82.jpeg,PP,PP
D8_N8_img83.jpeg,PP,LDPE
D8_N8_img84.jpeg,PP,uv-PE
D8_N8_img85.jpeg,PP,PP
D8_N8_img86.jpeg,PP,PP
D8_N8_img87.jpeg,PP,LDPE
D8_N8_img88.jpeg,PP,PP
D8_N8_img89.jpeg,PP,uv-PE
D8_N8_img9.jpeg,PP,PVC
D8_N8_img90.jpeg,PP,LDPE
D8_N8_img91.jpeg,PP,LDPE
D8_N8_img92.jpeg,PP,uv-PE
D8_N8_img93.jpeg,PP,PVC
D8_N8_img94.jpeg,PP,PVC
D8_N8_img95.jpeg,PP,PP
D8_N8_img96.jpeg,PP,LDPE
D8_N8_img97.jpeg,PP,PLA
D8_N8_img98.jpeg,PP,LDPE
D8_N8_img99.jpeg,PP,PP
G3_N8_img1.jpeg,PP,uv-PE
G3_N8_img10.jpeg,PP,PP
G3_N8_img100.jpeg,PP,PP
G3_N8_img101.jpeg,PP,PP
G3_N8_img102.jpeg,PP,PP
G3_N8_img103.jpeg,PP,PP
G3_N8_img104.jpeg,PP,PP
G3_N8_img105.jpeg,PP,PP
G3_N8_img106.jpeg,PP,PP
G3_N8_img107.jpeg,PP,PP
G3_N8_img108.jpeg,PP,PP
G3_N8_img109.jpeg,PP,PP
G3_N8_img11.jpeg,PP,PP
G3_N8_img110.jpeg,PP,PP
G3_N8_img111.jpeg,PP,PP
G3_N8_img112.jpeg,PP,PP
G3_N8_img113.jpeg,PP,PP
G3_N8_img114.jpeg,PP,PP
G3_N8_img115.jpeg,PP,PP
G3_N8_img116.jpeg,PP,PP
G3_N8_img117.jpeg,PP,PP
G3_N8_img118.jpeg,PP,PP
G3_N8_img119.jpeg,PP,PP
G3_N8_img12.jpeg,PP,PP
G3_N8_img120.jpeg,PP,PP
G3_N8_img13.jpeg,PP,PP
G3_N8_img14.jpeg,PP,PP
G3_N8_img15.jpeg,PP,PP
G3_N8_img16.jpeg,PP,PP
G3_N8_img17.jpeg,PP,PP
G3_N8_img18.jpeg,PP,PP
G3_N8_img19.jpeg,PP,uv-PE
G3_N8_img2.jpeg,PP,LDPE
G3_N8_img20.jpeg,PP,uv-PE
G3_N8_img21.jpeg,PP,uv-PE
G3_N8_img22.jpeg,PP,LDPE
G3_N8_img23.jpeg,PP,LDPE
G3_N8_img24.jpeg,PP,LDPE
G3_N8_img25.jpeg,PP,LDPE
G3_N8_img26.jpeg,PP,LDPE
G3_N8_img27.jpeg,PP,LDPE
G3_N8_img28.jpeg,PP,uv-PE
G3_N8_img29.jpeg,PP,PP
G3_N8_img3.jpeg,PP,LDPE
G3_N8_img30.jpeg,PP,PP
G3_N8_img31.jpeg,PP,PP
G3_N8_img32.jpeg,PP,PP
G3_N8_img33.jpeg,PP,PP
G3_N8_img34.jpeg,PP,PP
G3_N8_img35.jpeg,PP,PP
G3_N8_img36.jpeg,PP,LDPE
G3_N8_img37.jpeg,PP,PP
G3_N8_img38.jpeg,PP,PP
G3_N8_img39.jpeg,PP,PP
G3_N8_img4.jpeg,PP,LDPE
G3_N8_img40.jpeg,PP,LDPE
G3_N8_img41.jpeg,PP,LDPE
G3_N8_img42.jpeg,PP,LDPE
G3_N8_img43.jpeg,PP,LDPE
G3_N8_img44.jpeg,PP,uv-PE
G3_N8_img45.jpeg,PP,LDPE
G3_N8_img46.jpeg,PP,uv-PE
G3_N8_img47.jpeg,PP,PP
G3_N8_img48.jpeg,PP,PP
G3_N8_img49.jpeg,PP,uv-PE
G3_N8_img5.jpeg,PP,uv-PE
G3_N8_img50.jpeg,PP,PP
G3_N8_img51.jpeg,PP,PP
G3_N8_img52.jpeg,PP,LDPE
G3_N8_img53.jpeg,PP,uv-PE
G3_N8_img54.jpeg,PP,LDPE
G3_N8_img55.jpeg,PP,LDPE
G3_N8_img56.jpeg,PP,LDPE
G3_N8_img57.jpeg,PP,PP
G3_N8_img58.jpeg,PP,uv-PE
G3_N8_img59.jpeg,PP,uv-PE
G3_N8_img6.jpeg,PP,uv-PE
G3_N8_img60.jpeg,PP,PP
G3_N8_img61.jpeg,PP,LDPE
G3_N8_img62.jpeg,PP,LDPE
G3_N8_img63.jpeg,PP,LDPE
G3_N8_img64.jpeg,PP,LDPE
G3_N8_img65.jpeg,PP,LDPE
G3_N8_img66.jpeg,PP,LDPE
G3_N8_img67.jpeg,PP,LDPE
G3_N8_img68.jpeg,PP,LDPE
G3_N8_img69.jpeg,PP,LDPE
G3_N8_img7.jpeg,PP,uv-PE
G3_N8_img70.jpeg,PP,LDPE
G3_N8_img71.jpeg,PP,LDPE
G3_N8_img72.jpeg,PP,LDPE
G3_N8_img73.jpeg,PP,LDPE
G3_N8_img74.jpeg,PP,LDPE
G3_N8_img75.jpeg,PP,LDPE
G3_N8_img76.jpeg,PP,LDPE
G3_N8_img77.jpeg,PP,LDPE
G3_N8_img78.jpeg,PP,PP
G3_N8_img79.jpeg,PP,PP
G3_N8_img8.jpeg,PP,uv-PE
G3_N8_img80.jpeg,PP,PP
G3_N8_img81.jpeg,PP,PP
G3_N8_img82.jpeg,PP,PP
G3_N8_img83.jpeg,PP,PP
G3_N8_img84.jpeg,PP,PP
G3_N8_img85.jpeg,PP,PP
G3_N8_img86.jpeg,PP,PP
G3_N8_img87.jpeg,PP,PP
G3_N8_img88.jpeg,PP,PP
G3_N8_img89.jpeg,PP,PP
G3_N8_img9.jpeg,PP,uv-PE
G3_N8_img90.jpeg,PP,PP
G3_N8_img91.jpeg,PP,PP
G3_N8_img92.jpeg,PP,PP
G3_N8_img93.jpeg,PP,PP
G3_N8_img94.jpeg,PP,PP
G3_N8_img95.jpeg,PP,PP
G3_N8_img96.jpeg,PP,PP
G3_N8_img97.jpeg,PP,PP
G3_N8_img98.jpeg,PP,PP
G3_N8_img99.jpeg,PP,PP
T12_N8_img10.jpeg,PP,PP
T12_N8_img100.jpeg,PP,PP
T12_N8_img101.jpeg,PP,uv-PE
T12_N8_img102.jpeg,PP,PP
T12_N8_img103.jpeg,PP,PP
T12_N8_img104.jpeg,PP,PP
T12_N8_img105.jpeg,PP,PP
T12_N8_img106.jpeg,PP,PP
T12_N8_img107.jpeg,PP,PP
T12_N8_img108.jpeg,PP,PP
T12_N8_img109.jpeg,PP,PP
T12_N8_img11.jpeg,PP,PP
T12_N8_img110.jpeg,PP,PP
T12_N8_img111.jpeg,PP,PP
T12_N8_img112.jpeg,PP,PP
T12_N8_img113.jpeg,PP,PP
T12_N8_img114.jpeg,PP,PP
T12_N8_img115.jpeg,PP,PP
T12_N8_img116.jpeg,PP,PP
T12_N8_img117.jpeg,PP,PP
T12_N8_img118.jpeg,PP,PP
T12_N8_img119.jpeg,PP,PP
T12_N8_img12.jpeg,PP,PP
T12_N8_img120.jpeg,PP,PP
T12_N8_img13.jpeg,PP,PP
T12_N8_img14.jpeg,PP,PP
T12_N8_img15.jpeg,PP,PP
T12_N8_img16.jpeg,PP,PP
T12_N8_img17.jpeg,PP,PP
T12_N8_img18.jpeg,PP,PP
T12_N8_img19.jpeg,PP,PP
T12_N8_img2.jpeg,PP,PP
T12_N8_img20.jpeg,PP,PP
T12_N8_img21.jpeg,PP,PP
T12_N8_img22.jpeg,PP,PP
T12_N8_img23.jpeg,PP,PP
T12_N8_img24.jpeg,PP,PP
T12_N8_img25.jpeg,PP,PP
T12_N8_img26.jpeg,PP,PP
T12_N8_img27.jpeg,PP,PP
T12_N8_img28.jpeg,PP,PP
T12_N8_img29.jpeg,PP,PP
T12_N8_img3.jpeg,PP,PP
T12_N8_img30.jpeg,PP,PP
T12_N8_img31.jpeg,PP,PP
T12_N8_img32.jpeg,PP,PP
T12_N8_img33.jpeg,PP,PP
T12_N8_img34.jpeg,PP,PP
T12_N8_img35.jpeg,PP,PP
T12_N8_img36.jpeg,PP,PP
T12_N8_img37.jpeg,PP,PP
T12_N8_img38.jpeg,PP,PP
T12_N8_img39.jpeg,PP,PP
T12_N8_img4.jpeg,PP,PP
T12_N8_img40.jpeg,PP,PP
T12_N8_img41.jpeg,PP,PP
T12_N8_img42.jpeg,PP,PP
T12_N8_img43.jpeg,PP,PP
T12_N8_img44.jpeg,PP,PP
T12_N8_img45.jpeg,PP,PP
T12_N8_img46.jpeg,PP,PP
T12_N8_img47.jpeg,PP,PP
T12_N8_img48.jpeg,PP,PP
T12_N8_img49.jpeg,PP,PP
T12_N8_img5.jpeg,PP,PP
T12_N8_img50.jpeg,PP,PP
T12_N8_img51.jpeg,PP,PP
T12_N8_img52.jpeg,PP,PP
T12_N8_img53.jpeg,PP,PP
T12_N8_img54.jpeg,PP,PP
T12_N8_img55.jpeg,PP,PP
T12_N8_img56.jpeg,PP,PP
T12_N8_img57.jpeg,PP,PP
T12_N8_img58.jpeg,PP,PP
T12_N8_img59.jpeg,PP,PP
T12_N8_img6.jpeg,PP,PP
T12_N8_img60.jpeg,PP,PP
T12_N8_img61.jpeg,PP,PP
T12_N8_img62.jpeg,PP,PP
T12_N8_img63.jpeg,PP,PP
T12_N8_img64.jpeg,PP,PP
T12_N8_img65.jpeg,PP,PP
T12_N8_img66.jpeg,PP,PP
T12_N8_img67.jpeg,PP,PP
T12_N8_img68.jpeg,PP,PP
T12_N8_img69.jpeg,PP,PP
T12_N8_img7.jpeg,PP,PP
T12_N8_img70.jpeg,PP,PP
T12_N8_img71.jpeg,PP,uv-PE
T12_N8_img72.jpeg,PP,PP
T12_N8_img73.jpeg,PP,PP
T12_N8_img74.jpeg,PP,PP
T12_N8_img75.jpeg,PP,uv-PE
T12_N8_img76.jpeg,PP,PP
T12_N8_img77.jpeg,PP,PP
T12_N8_img78.jpeg,PP,PP
T12_N8_img79.jpeg,PP,LDPE
T12_N8_img8.jpeg,PP,PP
T12_N8_img80.jpeg,PP,PP
T12_N8_img81.jpeg,PP,uv-PE
T12_N8_img82.jpeg,PP,PP
T12_N8_img83.jpeg,PP,PP
T12_N8_img84.jpeg,PP,LDPE
T12_N8_img85.jpeg,PP,LDPE
T12_N8_img86.jpeg,PP,LDPE
T12_N8_img87.jpeg,PP,PP
T12_N8_img88.jpeg,PP,PP
T12_N8_img89.jpeg,PP,PP
T12_N8_img9.jpeg,PP,PP
T12_N8_img90.jpeg,PP,PP
T12_N8_img91.jpeg,PP,PP
T12_N8_img92.jpeg,PP,PP
T12_N8_img93.jpeg,PP,PP
T12_N8_img94.jpeg,PP,PP
T12_N8_img95.jpeg,PP,PP
T12_N8_img96.jpeg,PP,PP
T12_N8_img97.jpeg,PP,PP
T12_N8_img98.jpeg,PP,PP
T12_N8_img99.jpeg,PP,PP
T3_N8_img1.jpeg,PP,PP
T3_N8_img10.jpeg,PP,PP
T3_N8_img100.jpeg,PP,PP
T3_N8_img101.jpeg,PP,PP
T3_N8_img102.jpeg,PP,PP
T3_N8_img103.jpeg,PP,PP
T3_N8_img104.jpeg,PP,PP
T3_N8_img105.jpeg,PP,PP
T3_N8_img106.jpeg,PP,PP
T3_N8_img107.jpeg,PP,PP
T3_N8_img108.jpeg,PP,PP
T3_N8_img109.jpeg,PP,PP
T3_N8_img11.jpeg,PP,PP
T3_N8_img110.jpeg,PP,PP
T3_N8_img111.jpeg,PP,PP
T3_N8_img112.jpeg,PP,PP
T3_N8_img113.jpeg,PP,PP
T3_N8_img114.jpeg,PP,PP
T3_N8_img115.jpeg,PP,PP
T3_N8_img116.jpeg,PP,PP
T3_N8_img117.jpeg,PP,PP
T3_N8_img118.jpeg,PP,PP
T3_N8_img119.jpeg,PP,PP
T3_N8_img12.jpeg,PP,PP
T3_N8_img120.jpeg,PP,PP
T3_N8_img121.jpeg,PP,PP
T3_N8_img13.jpeg,PP,PP
T3_N8_img14.jpeg,PP,PP
T3_N8_img15.jpeg,PP,PP
T3_N8_img16.jpeg,PP,PP
T3_N8_img17.jpeg,PP,PP
T3_N8_img18.jpeg,PP,PP
T3_N8_img19.jpeg,PP,PP
T3_N8_img2.jpeg,PP,PP
T3_N8_img20.jpeg,PP,PP
T3_N8_img21.jpeg,PP,PP
T3_N8_img22.jpeg,PP,PP
T3_N8_img23.jpeg,PP,PP
T3_N8_img24.jpeg,PP,PP
T3_N8_img25.jpeg,PP,PP
T3_N8_img26.jpeg,PP,PP
T3_N8_img27.jpeg,PP,PP
T3_N8_img28.jpeg,PP,PP
T3_N8_img29.jpeg,PP,PP
T3_N8_img3.jpeg,PP,PP
T3_N8_img30.jpeg,PP,PP
T3_N8_img31.jpeg,PP,PP
T3_N8_img32.jpeg,PP,PP
T3_N8_img33.jpeg,PP,PP
T3_N8_img34.jpeg,PP,PP
T3_N8_img35.jpeg,PP,PP
T3_N8_img36.jpeg,PP,PP
T3_N8_img37.jpeg,PP,PP
T3_N8_img38.jpeg,PP,PP
T3_N8_img39.jpeg,PP,PP
T3_N8_img4.jpeg,PP,PP
T3_N8_img40.jpeg,PP,PP
T3_N8_img41.jpeg,PP,PP
T3_N8_img42.jpeg,PP,PP
T3_N8_img43.jpeg,PP,PP
T3_N8_img44.jpeg,PP,PP
T3_N8_img45.jpeg,PP,PP
T3_N8_img46.jpeg,PP,PP
T3_N8_img47.jpeg,PP,PP
T3_N8_img48.jpeg,PP,PP
T3_N8_img49.jpeg,PP,PP
T3_N8_img5.jpeg,PP,PP
T3_N8_img50.jpeg,PP,PP
T3_N8_img51.jpeg,PP,PP
T3_N8_img52.jpeg,PP,PP
T3_N8_img53.jpeg,PP,PP
T3_N8_img54.jpeg,PP,PP
T3_N8_img55.jpeg,PP,PP
T3_N8_img56.jpeg,PP,PP
T3_N8_img57.jpeg,PP,PP
T3_N8_img58.jpeg,PP,PP
T3_N8_img59.jpeg,PP,PP
T3_N8_img6.jpeg,PP,PP
T3_N8_img60.jpeg,PP,PP
T3_N8_img61.jpeg,PP,uv-PE
T3_N8_img62.jpeg,PP,PP
T3_N8_img63.jpeg,PP,PP
T3_N8_img64.jpeg,PP,PP
T3_N8_img65.jpeg,PP,PP
T3_N8_img66.jpeg,PP,PP
T3_N8_img67.jpeg,PP,PP
T3_N8_img68.jpeg,PP,PP
T3_N8_img69.jpeg,PP,PP
T3_N8_img7.jpeg,PP,PP
T3_N8_img70.jpeg,PP,PP
T3_N8_img71.jpeg,PP,PP
T3_N8_img72.jpeg,PP,PP
T3_N8_img73.jpeg,PP,PP
T3_N8_img74.jpeg,PP,PP
T3_N8_img75.jpeg,PP,PP
T3_N8_img76.jpeg,PP,PP
T3_N8_img77.jpeg,PP,PP
T3_N8_img78.jpeg,PP,PP
T3_N8_img79.jpeg,PP,PP
T3_N8_img8.jpeg,PP,PP
T3_N8_img80.jpeg,PP,PP
T3_N8_img81.jpeg,PP,PP
T3_N8_img82.jpeg,PP,PP
T3_N8_img83.jpeg,PP,PP
T3_N8_img84.jpeg,PP,PP
T3_N8_img85.jpeg,PP,PP
T3_N8_img86.jpeg,PP,PP
T3_N8_img87.jpeg,PP,PP
T3_N8_img88.jpeg,PP,PP
T3_N8_img89.jpeg,PP,PP
T3_N8_img9.jpeg,PP,PP
T3_N8_img90.jpeg,PP,PP
T3_N8_img91.jpeg,PP,PP
T3_N8_img92.jpeg,PP,PP
T3_N8_img93.jpeg,PP,PP
T3_N8_img94.jpeg,PP,PP
T3_N8_img95.jpeg,PP,PP
T3_N8_img96.jpeg,PP,PP
T3_N8_img97.jpeg,PP,PP
T3_N8_img98.jpeg,PP,PP
T3_N8_img99.jpeg,PP,PP
D1_N7_img1.jpeg,PS,PS
D1_N7_img10.jpeg,PS,PS
D1_N7_img100.jpeg,PS,PS
D1_N7_img101.jpeg,PS,PS
D1_N7_img102.jpeg,PS,PS
D1_N7_img103.jpeg,PS,PS
D1_N7_img104.jpeg,PS,PS
D1_N7_img105.jpeg,PS,PS
D1_N7_img106.jpeg,PS,PS
D1_N7_img107.jpeg,PS,PS
D1_N7_img108.jpeg,PS,PS
D1_N7_img109.jpeg,PS,PS
D1_N7_img11.jpeg,PS,PVC
D1_N7_img110.jpeg,PS,PS
D1_N7_img111.jpeg,PS,PS
D1_N7_img112.jpeg,PS,PS
D1_N7_img113.jpeg,PS,PS
D1_N7_img114.jpeg,PS,PS
D1_N7_img115.jpeg,PS,PS
D1_N7_img116.jpeg,PS,PS
D1_N7_img117.jpeg,PS,PS
D1_N7_img118.jpeg,PS,PS
D1_N7_img119.jpeg,PS,PS
D1_N7_img12.jpeg,PS,PS
D1_N7_img120.jpeg,PS,PS
D1_N7_img13.jpeg,PS,PS
D1_N7_img14.jpeg,PS,PS
D1_N7_img15.jpeg,PS,PS
D1_N7_img16.jpeg,PS,PS
D1_N7_img17.jpeg,PS,PS
D1_N7_img18.jpeg,PS,PS
D1_N7_img19.jpeg,PS,PS
D1_N7_img2.jpeg,PS,PS
D1_N7_img20.jpeg,PS,PS
D1_N7_img21.jpeg,PS,PS
D1_N7_img22.jpeg,PS,PS
D1_N7_img23.jpeg,PS,PS
D1_N7_img24.jpeg,PS,PS
D1_N7_img25.jpeg,PS,PS
D1_N7_img26.jpeg,PS,PS
D1_N7_img27.jpeg,PS,PS
D1_N7_img28.jpeg,PS,PS
D1_N7_img29.jpeg,PS,PS
D1_N7_img3.jpeg,PS,PS
D1_N7_img30.jpeg,PS,PS
D1_N7_img31.jpeg,PS,PS
D1_N7_img32.jpeg,PS,PS
D1_N7_img33.jpeg,PS,PS
D1_N7_img34.jpeg,PS,PS
D1_N7_img35.jpeg,PS,PS
D1_N7_img36.jpeg,PS,PS
D1_N7_img37.jpeg,PS,PS
D1_N7_img38.jpeg,PS,PS
D1_N7_img39.jpeg,PS,PS
D1_N7_img4.jpeg,PS,PS
D1_N7_img40.jpeg,PS,PS
D1_N7_img41.jpeg,PS,PS
D1_N7_img42.jpeg,PS,PS
D1_N7_img43.jpeg,PS,PS
D1_N7_img44.jpeg,PS,PS
D1_N7_img45.jpeg,PS,PS
D1_N7_img46.jpeg,PS,PS
D1_N7_img47.jpeg,PS,PS
D1_N7_img48.jpeg,PS,PS
D1_N7_img49.jpeg,PS,PS
D1_N7_img5.jpeg,PS,PS
D1_N7_img50.jpeg,PS,PS
D1_N7_img51.jpeg,PS,PS
D1_N7_img52.jpeg,PS,PS
D1_N7_img53.jpeg,PS,PS
D1_N7_img54.jpeg,PS,PS
D1_N7_img55.jpeg,PS,PS
D1_N7_img56.jpeg,PS,PS
D1_N7_img57.jpeg,PS,PS
D1_N7_img58.jpeg,PS,PS
D1_N7_img59.jpeg,PS,PS
D1_N7_img6.jpeg,PS,PS
D1_N7_img60.jpeg,PS,PS
D1_N7_img61.jpeg,PS,PS
D1_N7_img62.jpeg,PS,PS
D1_N7_img63.jpeg,PS,PS
D1_N7_img64.jpeg,PS,PS
D1_N7_img65.jpeg,PS,PS
D1_N7_img66.jpeg,PS,PS
D1_N7_img67.jpeg,PS,LDPE
D1_N7_img68.jpeg,PS,PS
D1_N7_img69.jpeg,PS,PS
D1_N7_img7.jpeg,PS,PS
D1_N7_img70.jpeg,PS,PS
D1_N7_img71.jpeg,PS,PS
D1_N7_img72.jpeg,PS,PS
D1_N7_img73.jpeg,PS,PS
D1_N7_img74.jpeg,PS,PS
D1_N7_img75.jpeg,PS,PS
D1_N7_img76.jpeg,PS,PS
D1_N7_img77.jpeg,PS,PS
D1_N7_img78.jpeg,PS,PS
D1_N7_img79.jpeg,PS,PS
D1_N7_img8.jpeg,PS,PS
D1_N7_img80.jpeg,PS,PS
D1_N7_img81.jpeg,PS,PS
D1_N7_img82.jpeg,PS,PS
D1_N7_img83.jpeg,PS,PS
D1_N7_img84.jpeg,PS,PS
D1_N7_img85.jpeg,PS,PS
D1_N7_img86.jpeg,PS,PS
D1_N7_img87.jpeg,PS,PS
D1_N7_img88.jpeg,PS,PS
D1_N7_img89.jpeg,PS,PS
D1_N7_img9.jpeg,PS,PS
D1_N7_img90.jpeg,PS,PS
D1_N7_img91.jpeg,PS,PS
D1_N7_img92.jpeg,PS,PS
D1_N7_img93.jpeg,PS,LDPE
D1_N7_img94.jpeg,PS,PS
D1_N7_img95.jpeg,PS,LDPE
D1_N7_img96.jpeg,PS,PS
D1_N7_img97.jpeg,PS,PS
D1_N7_img98.jpeg,PS,PS
D1_N7_img99.jpeg,PS,PS
D8_N7_img1.jpeg,PS,PS
D8_N7_img10.jpeg,PS,PS
D8_N7_img100.jpeg,PS,PS
D8_N7_img101.jpeg,PS,PS
D8_N7_img102.jpeg,PS,PS
D8_N7_img103.jpeg,PS,LDPE
D8_N7_img104.jpeg,PS,PS
D8_N7_img105.jpeg,PS,PS
D8_N7_img106.jpeg,PS,PS
D8_N7_img107.jpeg,PS,PS
D8_N7_img108.jpeg,PS,PS
D8_N7_img109.jpeg,PS,PS
D8_N7_img11.jpeg,PS,PS
D8_N7_img110.jpeg,PS,LDPE
D8_N7_img111.jpeg,PS,LDPE
D8_N7_img112.jpeg,PS,PS
D8_N7_img113.jpeg,PS,PS
D8_N7_img114.jpeg,PS,PS
D8_N7_img115.jpeg,PS,PS
D8_N7_img116.jpeg,PS,PS
D8_N7_img117.jpeg,PS,PS
D8_N7_img118.jpeg,PS,PS
D8_N7_img119.jpeg,PS,PS
D8_N7_img12.jpeg,PS,PS
D8_N7_img120.jpeg,PS,PS
D8_N7_img121.jpeg,PS,PS
D8_N7_img13.jpeg,PS,PS
D8_N7_img14.jpeg,PS,PS
D8_N7_img15.jpeg,PS,PS
D8_N7_img16.jpeg,PS,PS
D8_N7_img17.jpeg,PS,PS
D8_N7_img18.jpeg,PS,PS
D8_N7_img19.jpeg,PS,PS
D8_N7_img2.jpeg,PS,PS
D8_N7_img20.jpeg,PS,PS
D8_N7_img21.jpeg,PS,PS
D8_N7_img22.jpeg,PS,PS
D8_N7_img23.jpeg,PS,PS
D8_N7_img24.jpeg,PS,PS
D8_N7_img25.jpeg,PS,PS
D8_N7_img26.jpeg,PS,PS
D8_N7_img27.jpeg,PS,PS
D8_N7_img28.jpeg,PS,PS
D8_N7_img29.jpeg,PS,PS
D8_N7_img3.jpeg,PS,PS
D8_N7_img30.jpeg,PS,PS
D8_N7_img31.jpeg,PS,PS
D8_N7_img32.jpeg,PS,PS
D8_N7_img33.jpeg,PS,PS
D8_N7_img34.jpeg,PS,PS
D8_N7_img35.jpeg,PS,PS
D8_N7_img36.jpeg,PS,PS
D8_N7_img37.jpeg,PS,PS
D8_N7_img38.jpeg,PS,PS
D8_N7_img39.jpeg,PS,PS
D8_N7_img4.jpeg,PS,oxo-PE
D8_N7_img40.jpeg,PS,PS
D8_N7_img41.jpeg,PS,PS
D8_N7_img42.jpeg,PS,PS
D8_N7_img43.jpeg,PS,PS
D8_N7_img44.jpeg,PS,PS
D8_N7_img45.jpeg,PS,PS
D8_N7_img46.jpeg,PS,PS
D8_N7_img47.jpeg,PS,PS
D8_N7_img48.jpeg,PS,PS
D8_N7_img49.jpeg,PS,PS
D8_N7_img5.jpeg,PS,PS
D8_N7_img50.jpeg,PS,PS
D8_N7_img51.jpeg,PS,PS
D8_N7_img52.jpeg,PS,PS
D8_N7_img53.jpeg,PS,PS
D8_N7_img54.jpeg,PS,PS
D8_N7_img55.jpeg,PS,PS
D8_N7_img56.jpeg,PS,PS
D8_N7_img57.jpeg,PS,PS
D8_N7_img58.jpeg,PS,PS
D8_N7_img59.jpeg,PS,PS
D8_N7_img6.jpeg,PS,PS
D8_N7_img60.jpeg,PS,PS
D8_N7_img61.jpeg,PS,PS
D8_N7_img62.jpeg,PS,LDPE
D8_N7_img63.jpeg,PS,LDPE
D8_N7_img64.jpeg,PS,PS
D8_N7_img65.jpeg,PS,PS
D8_N7_img66.jpeg,PS,PS
D8_N7_img67.jpeg,PS,LDPE
D8_N7_img68.jpeg,PS,PS
D8_N7_img69.jpeg,PS,PS
D8_N7_img7.jpeg,PS,PS
D8_N7_img70.jpeg,PS,LDPE
D8_N7_img71.jpeg,PS,PS
D8_N7_img72.jpeg,PS,LDPE
D8_N7_img73.jpeg,PS,LDPE
D8_N7_img74.jpeg,PS,LDPE
D8_N7_img75.jpeg,PS,LDPE
D8_N7_img76.jpeg,PS,PS
D8_N7_img77.jpeg,PS,PS
D8_N7_img78.jpeg,PS,PS
D8_N7_img79.jpeg,PS,LDPE
D8_N7_img8.jpeg,PS,PS
D8_N7_img80.jpeg,PS,PS
D8_N7_img81.jpeg,PS,PS
D8_N7_img82.jpeg,PS,PS
D8_N7_img83.jpeg,PS,PS
D8_N7_img84.jpeg,PS,PS
D8_N7_img85.jpeg,PS,PS
D8_N7_img86.jpeg,PS,PS
D8_N7_img87.jpeg,PS,PS
D8_N7_img88.jpeg,PS,PS
D8_N7_img89.jpeg,PS,LDPE
D8_N7_img9.jpeg,PS,PS
D8_N7_img90.jpeg,PS,PS
D8_N7_img91.jpeg,PS,PS
D8_N7_img92.jpeg,PS,PS
D8_N7_img93.jpeg,PS,PS
D8_N7_img94.jpeg,PS,PS
D8_N7_img95.jpeg,PS,PS
D8_N7_img96.jpeg,PS,LDPE
D8_N7_img97.jpeg,PS,PS
D8_N7_img98.jpeg,PS,PS
D8_N7_img99.jpeg,PS,PS
G3_N7_img1.jpeg,PS,PS
G3_N7_img10.jpeg,PS,PS
G3_N7_img100.jpeg,PS,PS
G3_N7_img101.jpeg,PS,PS
G3_N7_img102.jpeg,PS,PS
G3_N7_img103.jpeg,PS,PS
G3_N7_img104.jpeg,PS,PS
G3_N7_img105.jpeg,PS,PS
G3_N7_img106.jpeg,PS,PS
G3_N7_img107.jpeg,PS,PS
G3_N7_img108.jpeg,PS,PS
G3_N7_img109.jpeg,PS,PS
G3_N7_img11.jpeg,PS,PS
G3_N7_img110.jpeg,PS,PS
G3_N7_img111.jpeg,PS,PS
G3_N7_img112.jpeg,PS,PS
G3_N7_img113.jpeg,PS,PS
G3_N7_img114.jpeg,PS,PS
G3_N7_img115.jpeg,PS,PS
G3_N7_img116.jpeg,PS,PS
G3_N7_img117.jpeg,PS,PS
G3_N7_img118.jpeg,PS,PS
G3_N7_img119.jpeg,PS,PS
G3_N7_img12.jpeg,PS,PS
G3_N7_img120.jpeg,PS,PS
G3_N7_img13.jpeg,PS,PS
G3_N7_img14.jpeg,PS,PS
G3_N7_img15.jpeg,PS,PS
G3_N7_img16.jpeg,PS,PS
G3_N7_img17.jpeg,PS,PS
G3_N7_img18.jpeg,PS,PS
G3_N7_img19.jpeg,PS,PS
G3_N7_img2.jpeg,PS,PS
G3_N7_img20.jpeg,PS,PS
G3_N7_img21.jpeg,PS,PS
G3_N7_img22.jpeg,PS,PS
G3_N7_img23.jpeg,PS,PS
G3_N7_img24.jpeg,PS,PS
G3_N7_img25.jpeg,PS,PS
G3_N7_img26.jpeg,PS,PS
G3_N7_img27.jpeg,PS,PS
G3_N7_img28.jpeg,PS,PS
G3_N7_img29.jpeg,PS,PS
G3_N7_img3.jpeg,PS,PS
G3_N7_img30.jpeg,PS,PS
G3_N7_img31.jpeg,PS,PS
G3_N7_img32.jpeg,PS,PS
G3_N7_img33.jpeg,PS,PS
G3_N7_img34.jpeg,PS,PS
G3_N7_img35.jpeg,PS,PS
G3_N7_img36.jpeg,PS,PS
G3_N7_img37.jpeg,PS,PS
G3_N7_img38.jpeg,PS,PS
G3_N7_img39.jpeg,PS,PS
G3_N7_img4.jpeg,PS,PS
G3_N7_img40.jpeg,PS,PS
G3_N7_img41.jpeg,PS,PS
G3_N7_img42.jpeg,PS,PS
G3_N7_img43.jpeg,PS,PS
G3_N7_img44.jpeg,PS,PS
G3_N7_img45.jpeg,PS,PS
G3_N7_img46.jpeg,PS,PS
G3_N7_img47.jpeg,PS,PS
G3_N7_img48.jpeg,PS,PS
G3_N7_img49.jpeg,PS,PS
G3_N7_img5.jpeg,PS,PS
G3_N7_img50.jpeg,PS,PS
G3_N7_img51.jpeg,PS,PS
G3_N7_img52.jpeg,PS,PS
G3_N7_img53.jpeg,PS,PS
G3_N7_img54.jpeg,PS,PS
G3_N7_img55.jpeg,PS,PS
G3_N7_img56.jpeg,PS,PS
G3_N7_img57.jpeg,PS,PS
G3_N7_img58.jpeg,PS,PS
G3_N7_img59.jpeg,PS,PS
G3_N7_img6.jpeg,PS,PS
G3_N7_img60.jpeg,PS,PS
G3_N7_img61.jpeg,PS,PS
G3_N7_img62.jpeg,PS,PS
G3_N7_img63.jpeg,PS,PS
G3_N7_img64.jpeg,PS,PS
G3_N7_img65.jpeg,PS,PS
G3_N7_img66.jpeg,PS,PS
G3_N7_img67.jpeg,PS,PS
G3_N7_img68.jpeg,PS,PS
G3_N7_img69.jpeg,PS,PS
G3_N7_img7.jpeg,PS,PS
G3_N7_img70.jpeg,PS,PS
G3_N7_img71.jpeg,PS,PS
G3_N7_img72.jpeg,PS,PS
G3_N7_img73.jpeg,PS,PS
G3_N7_img74.jpeg,PS,PS
G3_N7_img75.jpeg,PS,PS
G3_N7_img76.jpeg,PS,PS
G3_N7_img77.jpeg,PS,PS
G3_N7_img78.jpeg,PS,PS
G3_N7_img79.jpeg,PS,PS
G3_N7_img8.jpeg,PS,PS
G3_N7_img80.jpeg,PS,PS
G3_N7_img81.jpeg,PS,PS
G3_N7_img82.jpeg,PS,PS
G3_N7_img83.jpeg,PS,PS
G3_N7_img84.jpeg,PS,PS
G3_N7_img85.jpeg,PS,PS
G3_N7_img86.jpeg,PS,PS
G3_N7_img87.jpeg,PS,PS
G3_N7_img88.jpeg,PS,PS
G3_N7_img89.jpeg,PS,PS
G3_N7_img9.jpeg,PS,PS
G3_N7_img90.jpeg,PS,PS
G3_N7_img91.jpeg,PS,PS
G3_N7_img92.jpeg,PS,PS
G3_N7_img93.jpeg,PS,PS
G3_N7_img94.jpeg,PS,PS
G3_N7_img95.jpeg,PS,PS
G3_N7_img96.jpeg,PS,PS
G3_N7_img97.jpeg,PS,PS
G3_N7_img98.jpeg,PS,PS
G3_N7_img99.jpeg,PS,PS
T12_N7_img1.jpeg,PS,PS
T12_N7_img10.jpeg,PS,PS
T12_N7_img100.jpeg,PS,PS
T12_N7_img101.jpeg,PS,PS
T12_N7_img102.jpeg,PS,PS
T12_N7_img103.jpeg,PS,PS
T12_N7_img104.jpeg,PS,PS
T12_N7_img105.jpeg,PS,PS
T12_N7_img106.jpeg,PS,PS
T12_N7_img107.jpeg,PS,PS
T12_N7_img108.jpeg,PS,PS
T12_N7_img109.jpeg,PS,PS
T12_N7_img11.jpeg,PS,PS
T12_N7_img110.jpeg,PS,PS
T12_N7_img111.jpeg,PS,PS
T12_N7_img112.jpeg,PS,PS
T12_N7_img113.jpeg,PS,PS
T12_N7_img114.jpeg,PS,PS
T12_N7_img115.jpeg,PS,PS
T12_N7_img116.jpeg,PS,PS
T12_N7_img117.jpeg,PS,PS
T12_N7_img118.jpeg,PS,PS
T12_N7_img119.jpeg,PS,PS
T12_N7_img12.jpeg,PS,PS
T12_N7_img120.jpeg,PS,PS
T12_N7_img13.jpeg,PS,PS
T12_N7_img14.jpeg,PS,PS
T12_N7_img15.jpeg,PS,PS
T12_N7_img16.jpeg,PS,PS
T12_N7_img17.jpeg,PS,PS
T12_N7_img18.jpeg,PS,PS
T12_N7_img19.jpeg,PS,PS
T12_N7_img2.jpeg,PS,PS
T12_N7_img20.jpeg,PS,PS
T12_N7_img21.jpeg,PS,PS
T12_N7_img22.jpeg,PS,PS
T12_N7_img23.jpeg,PS,PS
T12_N7_img24.jpeg,PS,PS
T12_N7_img25.jpeg,PS,PS
T12_N7_img26.jpeg,PS,PS
T12_N7_img27.jpeg,PS,PS
T12_N7_img28.jpeg,PS,PS
T12_N7_img29.jpeg,PS,PS
T12_N7_img3.jpeg,PS,PS
T12_N7_img30.jpeg,PS,PS
T12_N7_img31.jpeg,PS,PS
T12_N7_img32.jpeg,PS,PS
T12_N7_img33.jpeg,PS,PS
T12_N7_img34.jpeg,PS,PS
T12_N7_img35.jpeg,PS,PS
T12_N7_img36.jpeg,PS,PS
T12_N7_img37.jpeg,PS,PS
T12_N7_img38.jpeg,PS,PS
T12_N7_img39.jpeg,PS,PS
T12_N7_img4.jpeg,PS,PS
T12_N7_img40.jpeg,PS,PS
T12_N7_img41.jpeg,PS,PS
T12_N7_img42.jpeg,PS,PS
T12_N7_img43.jpeg,PS,PS
T12_N7_img44.jpeg,PS,PS
T12_N7_img45.jpeg,PS,PS
T12_N7_img46.jpeg,PS,PS
T12_N7_img47.jpeg,PS,PS
T12_N7_img48.jpeg,PS,PS
T12_N7_img49.jpeg,PS,PS
T12_N7_img5.jpeg,PS,PS
T12_N7_img50.jpeg,PS,PS
T12_N7_img51.jpeg,PS,PS
T12_N7_img52.jpeg,PS,PS
T12_N7_img53.jpeg,PS,PS
T12_N7_img54.jpeg,PS,PS
T12_N7_img55.jpeg,PS,PS
T12_N7_img56.jpeg,PS,PS
T12_N7_img57.jpeg,PS,PS
T12_N7_img58.jpeg,PS,PS
T12_N7_img59.jpeg,PS,PS
T12_N7_img6.jpeg,PS,PS
T12_N7_img60.jpeg,PS,PS
T12_N7_img61.jpeg,PS,PS
T12_N7_img62.jpeg,PS,PS
T12_N7_img63.jpeg,PS,PS
T12_N7_img64.jpeg,PS,PS
T12_N7_img65.jpeg,PS,PS
T12_N7_img66.jpeg,PS,PS
T12_N7_img67.jpeg,PS,PS
T12_N7_img68.jpeg,PS,PS
T12_N7_img69.jpeg,PS,PS
T12_N7_img7.jpeg,PS,PS
T12_N7_img70.jpeg,PS,PS
T12_N7_img71.jpeg,PS,PS
T12_N7_img72.jpeg,PS,PS
T12_N7_img73.jpeg,PS,PS
T12_N7_img74.jpeg,PS,PS
T12_N7_img75.jpeg,PS,PS
T12_N7_img76.jpeg,PS,PS
T12_N7_img77.jpeg,PS,PS
T12_N7_img78.jpeg,PS,PS
T12_N7_img79.jpeg,PS,PS
T12_N7_img8.jpeg,PS,PS
T12_N7_img80.jpeg,PS,PS
T12_N7_img81.jpeg,PS,PS
T12_N7_img82.jpeg,PS,PS
T12_N7_img83.jpeg,PS,PS
T12_N7_img84.jpeg,PS,PS
T12_N7_img85.jpeg,PS,PS
T12_N7_img86.jpeg,PS,PS
T12_N7_img87.jpeg,PS,PS
T12_N7_img88.jpeg,PS,PS
T12_N7_img89.jpeg,PS,PS
T12_N7_img9.jpeg,PS,PS
T12_N7_img90.jpeg,PS,PS
T12_N7_img91.jpeg,PS,PS
T12_N7_img92.jpeg,PS,PS
T12_N7_img93.jpeg,PS,PS
T12_N7_img94.jpeg,PS,PS
T12_N7_img95.jpeg,PS,PS
T12_N7_img96.jpeg,PS,PS
T12_N7_img97.jpeg,PS,PS
T12_N7_img98.jpeg,PS,PS
T12_N7_img99.jpeg,PS,PS
T3_N7_img1.jpeg,PS,PS
T3_N7_img10.jpeg,PS,PS
T3_N7_img100.jpeg,PS,PS
T3_N7_img101.jpeg,PS,PS
T3_N7_img102.jpeg,PS,PS
T3_N7_img103.jpeg,PS,PS
T3_N7_img104.jpeg,PS,PS
T3_N7_img105.jpeg,PS,PS
T3_N7_img106.jpeg,PS,PS
T3_N7_img107.jpeg,PS,PS
T3_N7_img108.jpeg,PS,PS
T3_N7_img109.jpeg,PS,PS
T3_N7_img11.jpeg,PS,PS
T3_N7_img110.jpeg,PS,PS
T3_N7_img111.jpeg,PS,PS
T3_N7_img112.jpeg,PS,PS
T3_N7_img113.jpeg,PS,LDPE
T3_N7_img114.jpeg,PS,PS
T3_N7_img115.jpeg,PS,PS
T3_N7_img116.jpeg,PS,PS
T3_N7_img117.jpeg,PS,PS
T3_N7_img118.jpeg,PS,PS
T3_N7_img119.jpeg,PS,PS
T3_N7_img12.jpeg,PS,PS
T3_N7_img120.jpeg,PS,PS
T3_N7_img13.jpeg,PS,PS
T3_N7_img14.jpeg,PS,PS
T3_N7_img15.jpeg,PS,PS
T3_N7_img16.jpeg,PS,PS
T3_N7_img17.jpeg,PS,PS
T3_N7_img18.jpeg,PS,PS
T3_N7_img19.jpeg,PS,PS
T3_N7_img2.jpeg,PS,PS
T3_N7_img20.jpeg,PS,PS
T3_N7_img21.jpeg,PS,PS
T3_N7_img22.jpeg,PS,PS
T3_N7_img23.jpeg,PS,PS
T3_N7_img24.jpeg,PS,PS
T3_N7_img25.jpeg,PS,PS
T3_N7_img26.jpeg,PS,PS
T3_N7_img27.jpeg,PS,PS
T3_N7_img28.jpeg,PS,PS
T3_N7_img29.jpeg,PS,PS
T3_N7_img3.jpeg,PS,PS
T3_N7_img30.jpeg,PS,PS
T3_N7_img31.jpeg,PS,PS
T3_N7_img32.jpeg,PS,PS
T3_N7_img33.jpeg,PS,PS
T3_N7_img34.jpeg,PS,PS
T3_N7_img35.jpeg,PS,PS
T3_N7_img36.jpeg,PS,PS
T3_N7_img37.jpeg,PS,PS
T3_N7_img38.jpeg,PS,PS
T3_N7_img39.jpeg,PS,PS
T3_N7_img4.jpeg,PS,PS
T3_N7_img40.jpeg,PS,PS
T3_N7_img41.jpeg,PS,PS
T3_N7_img42.jpeg,PS,PS
T3_N7_img43.jpeg,PS,PS
T3_N7_img44.jpeg,PS,PS
T3_N7_img45.jpeg,PS,PS
T3_N7_img46.jpeg,PS,PS
T3_N7_img47.jpeg,PS,PS
T3_N7_img48.jpeg,PS,PS
T3_N7_img49.jpeg,PS,PS
T3_N7_img5.jpeg,PS,PS
T3_N7_img50.jpeg,PS,PS
T3_N7_img51.jpeg,PS,PS
T3_N7_img52.jpeg,PS,PS
T3_N7_img53.jpeg,PS,PS
T3_N7_img54.jpeg,PS,PS
T3_N7_img55.jpeg,PS,PS
T3_N7_img56.jpeg,PS,PS
T3_N7_img57.jpeg,PS,PS
T3_N7_img58.jpeg,PS,PS
T3_N7_img59.jpeg,PS,PS
T3_N7_img6.jpeg,PS,PS
T3_N7_img60.jpeg,PS,PS
T3_N7_img61.jpeg,PS,PS
T3_N7_img62.jpeg,PS,PS
T3_N7_img63.jpeg,PS,PS
T3_N7_img64.jpeg,PS,PS
T3_N7_img65.jpeg,PS,PS
T3_N7_img66.jpeg,PS,PS
T3_N7_img67.jpeg,PS,PS
T3_N7_img68.jpeg,PS,PS
T3_N7_img69.jpeg,PS,PS
T3_N7_img7.jpeg,PS,PS
T3_N7_img70.jpeg,PS,PS
T3_N7_img71.jpeg,PS,PS
T3_N7_img72.jpeg,PS,PS
T3_N7_img73.jpeg,PS,PS
T3_N7_img74.jpeg,PS,PS
T3_N7_img75.jpeg,PS,PS
T3_N7_img76.jpeg,PS,PS
T3_N7_img77.jpeg,PS,PS
T3_N7_img78.jpeg,PS,PS
T3_N7_img79.jpeg,PS,PS
T3_N7_img8.jpeg,PS,PS
T3_N7_img80.jpeg,PS,PS
T3_N7_img81.jpeg,PS,PS
T3_N7_img82.jpeg,PS,PS
T3_N7_img83.jpeg,PS,PS
T3_N7_img84.jpeg,PS,PS
T3_N7_img85.jpeg,PS,PS
T3_N7_img86.jpeg,PS,PS
T3_N7_img87.jpeg,PS,PS
T3_N7_img88.jpeg,PS,PS
T3_N7_img89.jpeg,PS,PS
T3_N7_img9.jpeg,PS,PS
T3_N7_img90.jpeg,PS,PS
T3_N7_img91.jpeg,PS,PS
T3_N7_img92.jpeg,PS,PS
T3_N7_img93.jpeg,PS,PS
T3_N7_img94.jpeg,PS,PS
T3_N7_img95.jpeg,PS,PS
T3_N7_img96.jpeg,PS,PS
T3_N7_img97.jpeg,PS,PS
T3_N7_img98.jpeg,PS,PS
T3_N7_img99.jpeg,PS,PS
D1_N6_img1.jpeg,PVC,PVC
D1_N6_img10.jpeg,PVC,PVC
D1_N6_img100.jpeg,PVC,PVC
D1_N6_img101.jpeg,PVC,PVC
D1_N6_img102.jpeg,PVC,PVC
D1_N6_img103.jpeg,PVC,PVC
D1_N6_img104.jpeg,PVC,PVC
D1_N6_img105.jpeg,PVC,PVC
D1_N6_img106.jpeg,PVC,PVC
D1_N6_img107.jpeg,PVC,PVC
D1_N6_img108.jpeg,PVC,PVC
D1_N6_img109.jpeg,PVC,PVC
D1_N6_img11.jpeg,PVC,PVC
D1_N6_img110.jpeg,PVC,PVC
D1_N6_img111.jpeg,PVC,PVC
D1_N6_img112.jpeg,PVC,PVC
D1_N6_img113.jpeg,PVC,PVC
D1_N6_img114.jpeg,PVC,PVC
D1_N6_img115.jpeg,PVC,PVC
D1_N6_img116.jpeg,PVC,PVC
D1_N6_img117.jpeg,PVC,PVC
D1_N6_img118.jpeg,PVC,PVC
D1_N6_img119.jpeg,PVC,PVC
D1_N6_img12.jpeg,PVC,PVC
D1_N6_img120.jpeg,PVC,PVC
D1_N6_img13.jpeg,PVC,oxo-PE
D1_N6_img14.jpeg,PVC,oxo-PE
D1_N6_img15.jpeg,PVC,oxo-PE
D1_N6_img16.jpeg,PVC,PVC
D1_N6_img17.jpeg,PVC,PVC
D1_N6_img18.jpeg,PVC,PVC
D1_N6_img19.jpeg,PVC,PVC
D1_N6_img2.jpeg,PVC,PVC
D1_N6_img20.jpeg,PVC,PVC
D1_N6_img21.jpeg,PVC,PVC
D1_N6_img22.jpeg,PVC,PVC
D1_N6_img23.jpeg,PVC,PVC
D1_N6_img24.jpeg,PVC,PVC
D1_N6_img25.jpeg,PVC,PVC
D1_N6_img26.jpeg,PVC,PVC
D1_N6_img27.jpeg,PVC,PVC
D1_N6_img28.jpeg,PVC,PVC
D1_N6_img29.jpeg,PVC,PVC
D1_N6_img3.jpeg,PVC,PVC
D1_N6_img30.jpeg,PVC,PVC
D1_N6_img31.jpeg,PVC,PVC
D1_N6_img32.jpeg,PVC,PVC
D1_N6_img33.jpeg,PVC,PVC
D1_N6_img34.jpeg,PVC,PVC
D1_N6_img35.jpeg,PVC,oxo-PE
D1_N6_img36.jpeg,PVC,PVC
D1_N6_img37.jpeg,PVC,PVC
D1_N6_img38.jpeg,PVC,PVC
D1_N6_img39.jpeg,PVC,PVC
D1_N6_img4.jpeg,PVC,PVC
D1_N6_img40.jpeg,PVC,PVC
D1_N6_img41.jpeg,PVC,PVC
D1_N6_img42.jpeg,PVC,PVC
D1_N6_img43.jpeg,PVC,PVC
D1_N6_img44.jpeg,PVC,PVC
D1_N6_img45.jpeg,PVC,PVC
D1_N6_img46.jpeg,PVC,PVC
D1_N6_img47.jpeg,PVC,PVC
D1_N6_img48.jpeg,PVC,PVC
D1_N6_img49.jpeg,PVC,PVC
D1_N6_img5.jpeg,PVC,PVC
D1_N6_img50.jpeg,PVC,PVC
D1_N6_img51.jpeg,PVC,PVC
D1_N6_img52.jpeg,PVC,PVC
D1_N6_img53.jpeg,PVC,PVC
D1_N6_img54.jpeg,PVC,PVC
D1_N6_img55.jpeg,PVC,PVC
D1_N6_img56.jpeg,PVC,PVC
D1_N6_img57.jpeg,PVC,PVC
D1_N6_img58.jpeg,PVC,PVC
D1_N6_img59.jpeg,PVC,PVC
D1_N6_img6.jpeg,PVC,PVC
D1_N6_img60.jpeg,PVC,PVC
D1_N6_img61.jpeg,PVC,PVC
D1_N6_img62.jpeg,PVC,PVC
D1_N6_img63.jpeg,PVC,PVC
D1_N6_img64.jpeg,PVC,PVC
D1_N6_img65.jpeg,PVC,PVC
D1_N6_img66.jpeg,PVC,PVC
D1_N6_img67.jpeg,PVC,PVC
D1_N6_img68.jpeg,PVC,PVC
D1_N6_img69.jpeg,PVC,PVC
D1_N6_img7.jpeg,PVC,PVC
D1_N6_img70.jpeg,PVC,PVC
D1_N6_img71.jpeg,PVC,PVC
D1_N6_img72.jpeg,PVC,PVC
D1_N6_img73.jpeg,PVC,PVC
D1_N6_img74.jpeg,PVC,PVC
D1_N6_img75.jpeg,PVC,PVC
D1_N6_img76.jpeg,PVC,PVC
D1_N6_img77.jpeg,PVC,PVC
D1_N6_img78.jpeg,PVC,PVC
D1_N6_img79.jpeg,PVC,PVC
D1_N6_img8.jpeg,PVC,PVC
D1_N6_img80.jpeg,PVC,PVC
D1_N6_img81.jpeg,PVC,PVC
D1_N6_img82.jpeg,PVC,PVC
D1_N6_img83.jpeg,PVC,PVC
D1_N6_img84.jpeg,PVC,PVC
D1_N6_img85.jpeg,PVC,PVC
D1_N6_img86.jpeg,PVC,PVC
D1_N6_img87.jpeg,PVC,PVC
D1_N6_img88.jpeg,PVC,PVC
D1_N6_img89.jpeg,PVC,PVC
D1_N6_img9.jpeg,PVC,PVC
D1_N6_img90.jpeg,PVC,PVC
D1_N6_img91.jpeg,PVC,PVC
D1_N6_img92.jpeg,PVC,PVC
D1_N6_img93.jpeg,PVC,PVC
D1_N6_img94.jpeg,PVC,PVC
D1_N6_img95.jpeg,PVC,PVC
D1_N6_img96.jpeg,PVC,PVC
D1_N6_img97.jpeg,PVC,PVC
D1_N6_img98.jpeg,PVC,PVC
D1_N6_img99.jpeg,PVC,PVC
D8_N6_img1.jpeg,PVC,PVC
D8_N6_img10.jpeg,PVC,PVC
D8_N6_img100.jpeg,PVC,PVC
D8_N6_img101.jpeg,PVC,PVC
D8_N6_img102.jpeg,PVC,PVC
D8_N6_img103.jpeg,PVC,PVC
D8_N6_img104.jpeg,PVC,PVC
D8_N6_img105.jpeg,PVC,PVC
D8_N6_img106.jpeg,PVC,PVC
D8_N6_img107.jpeg,PVC,PVC
D8_N6_img108.jpeg,PVC,PVC
D8_N6_img109.jpeg,PVC,PVC
D8_N6_img11.jpeg,PVC,PVC
D8_N6_img110.jpeg,PVC,PVC
D8_N6_img111.jpeg,PVC,PVC
D8_N6_img112.jpeg,PVC,PVC
D8_N6_img113.jpeg,PVC,PVC
D8_N6_img114.jpeg,PVC,PVC
D8_N6_img115.jpeg,PVC,PVC
D8_N6_img116.jpeg,PVC,PVC
D8_N6_img117.jpeg,PVC,PVC
D8_N6_img118.jpeg,PVC,PVC
D8_N6_img119.jpeg,PVC,PVC
D8_N6_img12.jpeg,PVC,PVC
D8_N6_img120.jpeg,PVC,PVC
D8_N6_img121.jpeg,PVC,PVC
D8_N6_img13.jpeg,PVC,PVC
D8_N6_img14.jpeg,PVC,PVC
D8_N6_img15.jpeg,PVC,PVC
D8_N6_img16.jpeg,PVC,PVC
D8_N6_img17.jpeg,PVC,PVC
D8_N6_img18.jpeg,PVC,PVC
D8_N6_img19.jpeg,PVC,PVC
D8_N6_img2.jpeg,PVC,oxo-PE
D8_N6_img20.jpeg,PVC,PVC
D8_N6_img21.jpeg,PVC,PVC
D8_N6_img22.jpeg,PVC,PVC
D8_N6_img23.jpeg,PVC,PVC
D8_N6_img24.jpeg,PVC,PVC
D8_N6_img25.jpeg,PVC,PVC
D8_N6_img26.jpeg,PVC,PVC
D8_N6_img27.jpeg,PVC,PVC
D8_N6_img28.jpeg,PVC,PVC
D8_N6_img29.jpeg,PVC,PVC
D8_N6_img3.jpeg,PVC,PVC
D8_N6_img30.jpeg,PVC,PVC
D8_N6_img31.jpeg,PVC,PVC
D8_N6_img32.jpeg,PVC,PVC
D8_N6_img33.jpeg,PVC,PVC
D8_N6_img34.jpeg,PVC,PVC
D8_N6_img35.jpeg,PVC,PVC
D8_N6_img36.jpeg,PVC,PVC
D8_N6_img37.jpeg,PVC,PVC
D8_N6_img38.jpeg,PVC,PVC
D8_N6_img39.jpeg,PVC,PVC
D8_N6_img4.jpeg,PVC,PVC
D8_N6_img40.jpeg,PVC,PVC
D8_N6_img41.jpeg,PVC,PVC
D8_N6_img42.jpeg,PVC,PVC
D8_N6_img43.jpeg,PVC,PVC
D8_N6_img44.jpeg,PVC,PVC
D8_N6_img45.jpeg,PVC,PVC
D8_N6_img46.jpeg,PVC,PVC
D8_N6_img47.jpeg,PVC,PVC
D8_N6_img48.jpeg,PVC,PVC
D8_N6_img49.jpeg,PVC,PVC
D8_N6_img5.jpeg,PVC,PVC
D8_N6_img50.jpeg,PVC,PVC
D8_N6_img51.jpeg,PVC,PVC
D8_N6_img52.jpeg,PVC,PVC
D8_N6_img53.jpeg,PVC,PVC
D8_N6_img54.jpeg,PVC,PVC
D8_N6_img55.jpeg,PVC,PVC
D8_N6_img56.jpeg,PVC,PVC
D8_N6_img57.jpeg,PVC,PVC
D8_N6_img58.jpeg,PVC,PVC
D8_N6_img59.jpeg,PVC,PVC
D8_N6_img6.jpeg,PVC,PVC
D8_N6_img60.jpeg,PVC,PVC
D8_N6_img61.jpeg,PVC,PVC
D8_N6_img62.jpeg,PVC,PVC
D8_N6_img63.jpeg,PVC,PVC
D8_N6_img64.jpeg,PVC,PVC
D8_N6_img65.jpeg,PVC,PVC
D8_N6_img66.jpeg,PVC,PVC
D8_N6_img67.jpeg,PVC,PVC
D8_N6_img68.jpeg,PVC,PVC
D8_N6_img69.jpeg,PVC,PVC
D8_N6_img7.jpeg,PVC,PVC
D8_N6_img70.jpeg,PVC,PVC
D8_N6_img71.jpeg,PVC,PVC
D8_N6_img72.jpeg,PVC,PVC
D8_N6_img73.jpeg,PVC,PVC
D8_N6_img74.jpeg,PVC,PVC
D8_N6_img75.jpeg,PVC,PVC
D8_N6_img76.jpeg,PVC,PVC
D8_N6_img77.jpeg,PVC,PVC
D8_N6_img78.jpeg,PVC,PVC
D8_N6_img79.jpeg,PVC,PVC
D8_N6_img8.jpeg,PVC,PVC
D8_N6_img80.jpeg,PVC,PVC
D8_N6_img81.jpeg,PVC,PVC
D8_N6_img82.jpeg,PVC,PVC
D8_N6_img83.jpeg,PVC,PVC
D8_N6_img84.jpeg,PVC,PVC
D8_N6_img85.jpeg,PVC,PVC
D8_N6_img86.jpeg,PVC,PVC
D8_N6_img87.jpeg,PVC,PVC
D8_N6_img88.jpeg,PVC,PVC
D8_N6_img89.jpeg,PVC,PVC
D8_N6_img9.jpeg,PVC,PVC
D8_N6_img90.jpeg,PVC,PVC
D8_N6_img91.jpeg,PVC,PVC
D8_N6_img92.jpeg,PVC,PVC
D8_N6_img93.jpeg,PVC,PVC
D8_N6_img94.jpeg,PVC,PVC
D8_N6_img95.jpeg,PVC,PVC
D8_N6_img96.jpeg,PVC,PVC
D8_N6_img97.jpeg,PVC,PVC
D8_N6_img98.jpeg,PVC,PVC
D8_N6_img99.jpeg,PVC,PVC
G3_N6_img1.jpeg,PVC,PVC
G3_N6_img10.jpeg,PVC,PVC
G3_N6_img100.jpeg,PVC,PVC
G3_N6_img101.jpeg,PVC,PVC
G3_N6_img102.jpeg,PVC,PVC
G3_N6_img103.jpeg,PVC,PVC
G3_N6_img104.jpeg,PVC,PVC
G3_N6_img105.jpeg,PVC,PVC
G3_N6_img106.jpeg,PVC,PVC
G3_N6_img107.jpeg,PVC,PVC
G3_N6_img108.jpeg,PVC,PVC
G3_N6_img109.jpeg,PVC,PVC
G3_N6_img11.jpeg,PVC,PVC
G3_N6_img110.jpeg,PVC,PVC
G3_N6_img111.jpeg,PVC,PVC
G3_N6_img112.jpeg,PVC,PVC
G3_N6_img113.jpeg,PVC,PVC
G3_N6_img114.jpeg,PVC,PVC
G3_N6_img115.jpeg,PVC,PVC
G3_N6_img116.jpeg,PVC,PVC
G3_N6_img117.jpeg,PVC,PVC
G3_N6_img118.jpeg,PVC,PVC
G3_N6_img119.jpeg,PVC,PVC
G3_N6_img12.jpeg,PVC,PVC
G3_N6_img120.jpeg,PVC,PVC
G3_N6_img13.jpeg,PVC,PVC
G3_N6_img14.jpeg,PVC,PVC
G3_N6_img15.jpeg,PVC,PVC
G3_N6_img16.jpeg,PVC,PVC
G3_N6_img17.jpeg,PVC,PVC
G3_N6_img18.jpeg,PVC,PVC
G3_N6_img19.jpeg,PVC,PVC
G3_N6_img2.jpeg,PVC,PVC
G3_N6_img20.jpeg,PVC,PVC
G3_N6_img21.jpeg,PVC,PVC
G3_N6_img22.jpeg,PVC,PVC
G3_N6_img23.jpeg,PVC,PVC
G3_N6_img24.jpeg,PVC,PVC
G3_N6_img25.jpeg,PVC,PVC
G3_N6_img26.jpeg,PVC,PVC
G3_N6_img27.jpeg,PVC,PVC
G3_N6_img28.jpeg,PVC,PVC
G3_N6_img29.jpeg,PVC,PVC
G3_N6_img3.jpeg,PVC,PVC
G3_N6_img30.jpeg,PVC,PVC
G3_N6_img31.jpeg,PVC,PVC
G3_N6_img32.jpeg,PVC,PVC
G3_N6_img33.jpeg,PVC,PVC
G3_N6_img34.jpeg,PVC,PVC
G3_N6_img35.jpeg,PVC,PVC
G3_N6_img36.jpeg,PVC,PVC
G3_N6_img37.jpeg,PVC,PVC
G3_N6_img38.jpeg,PVC,PVC
G3_N6_img39.jpeg,PVC,PVC
G3_N6_img4.jpeg,PVC,PVC
G3_N6_img40.jpeg,PVC,PVC
G3_N6_img41.jpeg,PVC,PVC
G3_N6_img42.jpeg,PVC,PVC
G3_N6_img43.jpeg,PVC,PVC
G3_N6_img44.jpeg,PVC,PVC
G3_N6_img45.jpeg,PVC,PVC
G3_N6_img46.jpeg,PVC,PVC
G3_N6_img47.jpeg,PVC,PVC
G3_N6_img48.jpeg,PVC,PVC
G3_N6_img49.jpeg,PVC,PVC
G3_N6_img5.jpeg,PVC,PVC
G3_N6_img50.jpeg,PVC,PVC
G3_N6_img51.jpeg,PVC,PVC
G3_N6_img52.jpeg,PVC,PVC
G3_N6_img53.jpeg,PVC,PVC
G3_N6_img54.jpeg,PVC,PVC
G3_N6_img55.jpeg,PVC,PVC
G3_N6_img56.jpeg,PVC,PVC
G3_N6_img57.jpeg,PVC,PVC
G3_N6_img58.jpeg,PVC,PVC
G3_N6_img59.jpeg,PVC,PVC
G3_N6_img6.jpeg,PVC,PVC
G3_N6_img60.jpeg,PVC,PVC
G3_N6_img61.jpeg,PVC,PVC
G3_N6_img62.jpeg,PVC,PVC
G3_N6_img63.jpeg,PVC,PVC
G3_N6_img64.jpeg,PVC,PVC
G3_N6_img65.jpeg,PVC,PVC
G3_N6_img66.jpeg,PVC,PVC
G3_N6_img67.jpeg,PVC,PVC
G3_N6_img68.jpeg,PVC,PVC
G3_N6_img69.jpeg,PVC,PVC
G3_N6_img7.jpeg,PVC,PVC
G3_N6_img70.jpeg,PVC,PVC
G3_N6_img71.jpeg,PVC,PVC
G3_N6_img72.jpeg,PVC,PVC
G3_N6_img73.jpeg,PVC,PVC
G3_N6_img74.jpeg,PVC,PVC
G3_N6_img75.jpeg,PVC,PVC
G3_N6_img76.jpeg,PVC,PVC
G3_N6_img77.jpeg,PVC,PVC
G3_N6_img78.jpeg,PVC,PVC
G3_N6_img79.jpeg,PVC,PVC
G3_N6_img8.jpeg,PVC,PVC
G3_N6_img80.jpeg,PVC,PVC
G3_N6_img81.jpeg,PVC,PVC
G3_N6_img82.jpeg,PVC,PVC
G3_N6_img83.jpeg,PVC,PVC
G3_N6_img84.jpeg,PVC,PVC
G3_N6_img85.jpeg,PVC,PVC
G3_N6_img86.jpeg,PVC,PVC
G3_N6_img87.jpeg,PVC,PVC
G3_N6_img88.jpeg,PVC,PVC
G3_N6_img89.jpeg,PVC,PVC
G3_N6_img9.jpeg,PVC,PVC
G3_N6_img90.jpeg,PVC,PVC
G3_N6_img91.jpeg,PVC,PVC
G3_N6_img92.jpeg,PVC,PVC
G3_N6_img93.jpeg,PVC,PVC
G3_N6_img94.jpeg,PVC,PVC
G3_N6_img95.jpeg,PVC,PVC
G3_N6_img96.jpeg,PVC,PVC
G3_N6_img97.jpeg,PVC,PVC
G3_N6_img98.jpeg,PVC,PVC
G3_N6_img99.jpeg,PVC,PVC
T12_N6_img1.jpeg,PVC,PVC
T12_N6_img10.jpeg,PVC,PVC
T12_N6_img100.jpeg,PVC,PVC
T12_N6_img101.jpeg,PVC,PVC
T12_N6_img102.jpeg,PVC,PVC
T12_N6_img103.jpeg,PVC,PVC
T12_N6_img104.jpeg,PVC,PVC
T12_N6_img105.jpeg,PVC,PVC
T12_N6_img106.jpeg,PVC,PVC
T12_N6_img107.jpeg,PVC,PVC
T12_N6_img108.jpeg,PVC,PVC
T12_N6_img109.jpeg,PVC,PVC
T12_N6_img11.jpeg,PVC,PVC
T12_N6_img110.jpeg,PVC,PVC
T12_N6_img111.jpeg,PVC,PVC
T12_N6_img112.jpeg,PVC,PVC
T12_N6_img113.jpeg,PVC,PVC
T12_N6_img114.jpeg,PVC,PVC
T12_N6_img115.jpeg,PVC,PVC
T12_N6_img116.jpeg,PVC,PVC
T12_N6_img117.jpeg,PVC,PVC
T12_N6_img118.jpeg,PVC,PVC
T12_N6_img119.jpeg,PVC,PVC
T12_N6_img12.jpeg,PVC,PVC
T12_N6_img120.jpeg,PVC,PVC
T12_N6_img13.jpeg,PVC,PVC
T12_N6_img14.jpeg,PVC,PVC
T12_N6_img15.jpeg,PVC,PVC
T12_N6_img16.jpeg,PVC,PVC
T12_N6_img17.jpeg,PVC,PVC
T12_N6_img18.jpeg,PVC,PVC
T12_N6_img19.jpeg,PVC,PVC
T12_N6_img2.jpeg,PVC,PVC
T12_N6_img20.jpeg,PVC,PVC
T12_N6_img21.jpeg,PVC,PVC
T12_N6_img22.jpeg,PVC,PVC
T12_N6_img23.jpeg,PVC,PVC
T12_N6_img24.jpeg,PVC,PVC
T12_N6_img25.jpeg,PVC,PVC
T12_N6_img26.jpeg,PVC,PVC
T12_N6_img27.jpeg,PVC,PVC
T12_N6_img28.jpeg,PVC,PVC
T12_N6_img29.jpeg,PVC,PVC
T12_N6_img3.jpeg,PVC,PVC
T12_N6_img30.jpeg,PVC,PVC
T12_N6_img31.jpeg,PVC,PVC
T12_N6_img32.jpeg,PVC,PVC
T12_N6_img33.jpeg,PVC,oxo-PE
T12_N6_img34.jpeg,PVC,PVC
T12_N6_img35.jpeg,PVC,PVC
T12_N6_img36.jpeg,PVC,PVC
T12_N6_img37.jpeg,PVC,PVC
T12_N6_img38.jpeg,PVC,PVC
T12_N6_img39.jpeg,PVC,PVC
T12_N6_img4.jpeg,PVC,PVC
T12_N6_img40.jpeg,PVC,PVC
T12_N6_img41.jpeg,PVC,PVC
T12_N6_img42.jpeg,PVC,PVC
T12_N6_img43.jpeg,PVC,PVC
T12_N6_img44.jpeg,PVC,PVC
T12_N6_img45.jpeg,PVC,uv-PE
T12_N6_img46.jpeg,PVC,PVC
T12_N6_img47.jpeg,PVC,PVC
T12_N6_img48.jpeg,PVC,PVC
T12_N6_img49.jpeg,PVC,PVC
T12_N6_img5.jpeg,PVC,PVC
T12_N6_img50.jpeg,PVC,PVC
T12_N6_img51.jpeg,PVC,PVC
T12_N6_img52.jpeg,PVC,PVC
T12_N6_img53.jpeg,PVC,PVC
T12_N6_img54.jpeg,PVC,PVC
T12_N6_img55.jpeg,PVC,PVC
T12_N6_img56.jpeg,PVC,PVC
T12_N6_img57.jpeg,PVC,oxo-PE
T12_N6_img58.jpeg,PVC,PVC
T12_N6_img59.jpeg,PVC,PVC
T12_N6_img6.jpeg,PVC,PVC
T12_N6_img60.jpeg,PVC,PVC
T12_N6_img61.jpeg,PVC,PVC
T12_N6_img62.jpeg,PVC,PVC
T12_N6_img63.jpeg,PVC,PVC
T12_N6_img64.jpeg,PVC,PVC
T12_N6_img65.jpeg,PVC,PVC
T12_N6_img66.jpeg,PVC,PVC
T12_N6_img67.jpeg,PVC,PVC
T12_N6_img68.jpeg,PVC,PVC
T12_N6_img69.jpeg,PVC,PVC
T12_N6_img7.jpeg,PVC,PVC
T12_N6_img70.jpeg,PVC,PVC
T12_N6_img71.jpeg,PVC,PVC
T12_N6_img72.jpeg,PVC,PVC
T12_N6_img73.jpeg,PVC,PVC
T12_N6_img74.jpeg,PVC,PVC
T12_N6_img75.jpeg,PVC,PVC
T12_N6_img76.jpeg,PVC,PVC
T12_N6_img77.jpeg,PVC,PVC
T12_N6_img78.jpeg,PVC,PVC
T12_N6_img79.jpeg,PVC,PVC
T12_N6_img8.jpeg,PVC,PVC
T12_N6_img80.jpeg,PVC,PVC
T12_N6_img81.jpeg,PVC,PVC
T12_N6_img82.jpeg,PVC,PVC
T12_N6_img83.jpeg,PVC,PVC
T12_N6_img84.jpeg,PVC,PVC
T12_N6_img85.jpeg,PVC,PVC
T12_N6_img86.jpeg,PVC,PLA
T12_N6_img87.jpeg,PVC,PVC
T12_N6_img88.jpeg,PVC,PLA
T12_N6_img89.jpeg,PVC,PVC
T12_N6_img9.jpeg,PVC,PVC
T12_N6_img90.jpeg,PVC,PLA
T12_N6_img91.jpeg,PVC,PVC
T12_N6_img92.jpeg,PVC,PVC
T12_N6_img93.jpeg,PVC,PVC
T12_N6_img94.jpeg,PVC,PVC
T12_N6_img95.jpeg,PVC,PVC
T12_N6_img96.jpeg,PVC,PVC
T12_N6_img97.jpeg,PVC,PVC
T12_N6_img98.jpeg,PVC,PVC
T12_N6_img99.jpeg,PVC,PVC
T3_N6_img1.jpeg,PVC,PVC
T3_N6_img10.jpeg,PVC,PVC
T3_N6_img100.jpeg,PVC,PVC
T3_N6_img101.jpeg,PVC,PVC
T3_N6_img102.jpeg,PVC,PVC
T3_N6_img103.jpeg,PVC,PVC
T3_N6_img104.jpeg,PVC,PVC
T3_N6_img105.jpeg,PVC,PVC
T3_N6_img106.jpeg,PVC,PVC
T3_N6_img107.jpeg,PVC,PVC
T3_N6_img108.jpeg,PVC,PVC
T3_N6_img109.jpeg,PVC,PVC
T3_N6_img11.jpeg,PVC,PVC
T3_N6_img110.jpeg,PVC,PVC
T3_N6_img111.jpeg,PVC,PVC
T3_N6_img112.jpeg,PVC,PVC
T3_N6_img113.jpeg,PVC,PVC
T3_N6_img114.jpeg,PVC,PVC
T3_N6_img115.jpeg,PVC,PVC
T3_N6_img116.jpeg,PVC,PVC
T3_N6_img117.jpeg,PVC,PVC
T3_N6_img118.jpeg,PVC,PVC
T3_N6_img119.jpeg,PVC,PVC
T3_N6_img12.jpeg,PVC,PVC
T3_N6_img120.jpeg,PVC,PVC
T3_N6_img13.jpeg,PVC,PVC
T3_N6_img14.jpeg,PVC,PVC
T3_N6_img15.jpeg,PVC,PVC
T3_N6_img16.jpeg,PVC,PVC
T3_N6_img17.jpeg,PVC,oxo-PE
T3_N6_img18.jpeg,PVC,PVC
T3_N6_img19.jpeg,PVC,PVC
T3_N6_img2.jpeg,PVC,PVC
T3_N6_img20.jpeg,PVC,PVC
T3_N6_img21.jpeg,PVC,PVC
T3_N6_img22.jpeg,PVC,PVC
T3_N6_img23.jpeg,PVC,PVC
T3_N6_img24.jpeg,PVC,PVC
T3_N6_img25.jpeg,PVC,PVC
T3_N6_img26.jpeg,PVC,PVC
T3_N6_img27.jpeg,PVC,PVC
T3_N6_img28.jpeg,PVC,PVC
T3_N6_img29.jpeg,PVC,PVC
T3_N6_img3.jpeg,PVC,PVC
T3_N6_img30.jpeg,PVC,PVC
T3_N6_img31.jpeg,PVC,PVC
T3_N6_img32.jpeg,PVC,PVC
T3_N6_img33.jpeg,PVC,PVC
T3_N6_img34.jpeg,PVC,PVC
T3_N6_img35.jpeg,PVC,PVC
T3_N6_img36.jpeg,PVC,PVC
T3_N6_img37.jpeg,PVC,PVC
T3_N6_img38.jpeg,PVC,PVC
T3_N6_img39.jpeg,PVC,PVC
T3_N6_img4.jpeg,PVC,PVC
T3_N6_img40.jpeg,PVC,PVC
T3_N6_img41.jpeg,PVC,PVC
T3_N6_img42.jpeg,PVC,PVC
T3_N6_img43.jpeg,PVC,PVC
T3_N6_img44.jpeg,PVC,PVC
T3_N6_img45.jpeg,PVC,PVC
T3_N6_img46.jpeg,PVC,PVC
T3_N6_img47.jpeg,PVC,PVC
T3_N6_img48.jpeg,PVC,PVC
T3_N6_img49.jpeg,PVC,PVC
T3_N6_img5.jpeg,PVC,PVC
T3_N6_img50.jpeg,PVC,PVC
T3_N6_img51.jpeg,PVC,PVC
T3_N6_img52.jpeg,PVC,PVC
T3_N6_img53.jpeg,PVC,PVC
T3_N6_img54.jpeg,PVC,PVC
T3_N6_img55.jpeg,PVC,PVC
T3_N6_img56.jpeg,PVC,PVC
T3_N6_img57.jpeg,PVC,PVC
T3_N6_img58.jpeg,PVC,PVC
T3_N6_img59.jpeg,PVC,PVC
T3_N6_img6.jpeg,PVC,PVC
T3_N6_img60.jpeg,PVC,PVC
T3_N6_img61.jpeg,PVC,PVC
T3_N6_img62.jpeg,PVC,PVC
T3_N6_img63.jpeg,PVC,PVC
T3_N6_img64.jpeg,PVC,PVC
T3_N6_img65.jpeg,PVC,PVC
T3_N6_img66.jpeg,PVC,PVC
T3_N6_img67.jpeg,PVC,PVC
T3_N6_img68.jpeg,PVC,PVC
T3_N6_img69.jpeg,PVC,PVC
T3_N6_img7.jpeg,PVC,PVC
T3_N6_img70.jpeg,PVC,PVC
T3_N6_img71.jpeg,PVC,PVC
T3_N6_img72.jpeg,PVC,PVC
T3_N6_img73.jpeg,PVC,PVC
T3_N6_img74.jpeg,PVC,PVC
T3_N6_img75.jpeg,PVC,PVC
T3_N6_img76.jpeg,PVC,PVC
T3_N6_img77.jpeg,PVC,PVC
T3_N6_img78.jpeg,PVC,PVC
T3_N6_img79.jpeg,PVC,PVC
T3_N6_img8.jpeg,PVC,PVC
T3_N6_img80.jpeg,PVC,PVC
T3_N6_img81.jpeg,PVC,PVC
T3_N6_img82.jpeg,PVC,PVC
T3_N6_img83.jpeg,PVC,PVC
T3_N6_img84.jpeg,PVC,PVC
T3_N6_img85.jpeg,PVC,PVC
T3_N6_img86.jpeg,PVC,PVC
T3_N6_img87.jpeg,PVC,PVC
T3_N6_img88.jpeg,PVC,PVC
T3_N6_img89.jpeg,PVC,PVC
T3_N6_img9.jpeg,PVC,PVC
T3_N6_img90.jpeg,PVC,PVC
T3_N6_img91.jpeg,PVC,PVC
T3_N6_img92.jpeg,PVC,PVC
T3_N6_img93.jpeg,PVC,PVC
T3_N6_img94.jpeg,PVC,PVC
T3_N6_img95.jpeg,PVC,PVC
T3_N6_img96.jpeg,PVC,PVC
T3_N6_img97.jpeg,PVC,PVC
T3_N6_img98.jpeg,PVC,PVC
T3_N6_img99.jpeg,PVC,PVC
D1_N9_img1.jpeg,XPS,XPS
D1_N9_img10.jpeg,XPS,XPS
D1_N9_img100.jpeg,XPS,XPS
D1_N9_img101.jpeg,XPS,XPS
D1_N9_img102.jpeg,XPS,XPS
D1_N9_img103.jpeg,XPS,XPS
D1_N9_img104.jpeg,XPS,XPS
D1_N9_img105.jpeg,XPS,XPS
D1_N9_img106.jpeg,XPS,XPS
D1_N9_img107.jpeg,XPS,XPS
D1_N9_img108.jpeg,XPS,XPS
D1_N9_img109.jpeg,XPS,XPS
D1_N9_img11.jpeg,XPS,XPS
D1_N9_img110.jpeg,XPS,XPS
D1_N9_img111.jpeg,XPS,XPS
D1_N9_img112.jpeg,XPS,XPS
D1_N9_img113.jpeg,XPS,XPS
D1_N9_img114.jpeg,XPS,XPS
D1_N9_img115.jpeg,XPS,XPS
D1_N9_img116.jpeg,XPS,XPS
D1_N9_img117.jpeg,XPS,XPS
D1_N9_img118.jpeg,XPS,XPS
D1_N9_img119.jpeg,XPS,XPS
D1_N9_img12.jpeg,XPS,XPS
D1_N9_img120.jpeg,XPS,XPS
D1_N9_img13.jpeg,XPS,XPS
D1_N9_img14.jpeg,XPS,XPS
D1_N9_img15.jpeg,XPS,XPS
D1_N9_img16.jpeg,XPS,XPS
D1_N9_img17.jpeg,XPS,XPS
D1_N9_img18.jpeg,XPS,XPS
D1_N9_img19.jpeg,XPS,XPS
D1_N9_img2.jpeg,XPS,XPS
D1_N9_img20.jpeg,XPS,XPS
D1_N9_img21.jpeg,XPS,XPS
D1_N9_img22.jpeg,XPS,XPS
D1_N9_img23.jpeg,XPS,XPS
D1_N9_img24.jpeg,XPS,XPS
D1_N9_img25.jpeg,XPS,XPS
D1_N9_img26.jpeg,XPS,XPS
D1_N9_img27.jpeg,XPS,XPS
D1_N9_img28.jpeg,XPS,XPS
D1_N9_img29.jpeg,XPS,XPS
D1_N9_img3.jpeg,XPS,XPS
D1_N9_img30.jpeg,XPS,XPS
D1_N9_img31.jpeg,XPS,XPS
D1_N9_img32.jpeg,XPS,XPS
D1_N9_img33.jpeg,XPS,XPS
D1_N9_img34.jpeg,XPS,XPS
D1_N9_img35.jpeg,XPS,XPS
D1_N9_img36.jpeg,XPS,XPS
D1_N9_img37.jpeg,XPS,XPS
D1_N9_img38.jpeg,XPS,XPS
D1_N9_img39.jpeg,XPS,XPS
D1_N9_img4.jpeg,XPS,XPS
D1_N9_img40.jpeg,XPS,XPS
D1_N9_img41.jpeg,XPS,XPS
D1_N9_img42.jpeg,XPS,XPS
D1_N9_img43.jpeg,XPS,XPS
D1_N9_img44.jpeg,XPS,XPS
D1_N9_img45.jpeg,XPS,XPS
D1_N9_img46.jpeg,XPS,XPS
D1_N9_img47.jpeg,XPS,XPS
D1_N9_img48.jpeg,XPS,XPS
D1_N9_img49.jpeg,XPS,XPS
D1_N9_img5.jpeg,XPS,XPS
D1_N9_img50.jpeg,XPS,XPS
D1_N9_img51.jpeg,XPS,XPS
D1_N9_img52.jpeg,XPS,XPS
D1_N9_img53.jpeg,XPS,XPS
D1_N9_img54.jpeg,XPS,XPS
D1_N9_img55.jpeg,XPS,XPS
D1_N9_img56.jpeg,XPS,XPS
D1_N9_img57.jpeg,XPS,XPS
D1_N9_img58.jpeg,XPS,XPS
D1_N9_img59.jpeg,XPS,XPS
D1_N9_img6.jpeg,XPS,XPS
D1_N9_img60.jpeg,XPS,XPS
D1_N9_img61.jpeg,XPS,XPS
D1_N9_img62.jpeg,XPS,XPS
D1_N9_img63.jpeg,XPS,XPS
D1_N9_img64.jpeg,XPS,XPS
D1_N9_img65.jpeg,XPS,XPS
D1_N9_img66.jpeg,XPS,XPS
D1_N9_img67.jpeg,XPS,XPS
D1_N9_img68.jpeg,XPS,XPS
D1_N9_img69.jpeg,XPS,XPS
D1_N9_img7.jpeg,XPS,XPS
D1_N9_img70.jpeg,XPS,XPS
D1_N9_img71.jpeg,XPS,XPS
D1_N9_img72.jpeg,XPS,XPS
D1_N9_img73.jpeg,XPS,XPS
D1_N9_img74.jpeg,XPS,XPS
D1_N9_img75.jpeg,XPS,XPS
D1_N9_img76.jpeg,XPS,XPS
D1_N9_img77.jpeg,XPS,XPS
D1_N9_img78.jpeg,XPS,XPS
D1_N9_img79.jpeg,XPS,XPS
D1_N9_img8.jpeg,XPS,XPS
D1_N9_img80.jpeg,XPS,XPS
D1_N9_img81.jpeg,XPS,XPS
D1_N9_img82.jpeg,XPS,XPS
D1_N9_img83.jpeg,XPS,XPS
D1_N9_img84.jpeg,XPS,XPS
D1_N9_img85.jpeg,XPS,XPS
D1_N9_img86.jpeg,XPS,XPS
D1_N9_img87.jpeg,XPS,XPS
D1_N9_img88.jpeg,XPS,XPS
D1_N9_img89.jpeg,XPS,XPS
D1_N9_img9.jpeg,XPS,XPS
D1_N9_img90.jpeg,XPS,XPS
D1_N9_img91.jpeg,XPS,XPS
D1_N9_img92.jpeg,XPS,XPS
D1_N9_img93.jpeg,XPS,XPS
D1_N9_img94.jpeg,XPS,XPS
D1_N9_img95.jpeg,XPS,XPS
D1_N9_img96.jpeg,XPS,XPS
D1_N9_img97.jpeg,XPS,XPS
D1_N9_img98.jpeg,XPS,XPS
D1_N9_img99.jpeg,XPS,XPS
D8_N9_img1.jpeg,XPS,XPS
D8_N9_img10.jpeg,XPS,XPS
D8_N9_img100.jpeg,XPS,XPS
D8_N9_img101.jpeg,XPS,XPS
D8_N9_img102.jpeg,XPS,XPS
D8_N9_img103.jpeg,XPS,XPS
D8_N9_img104.jpeg,XPS,XPS
D8_N9_img105.jpeg,XPS,XPS
D8_N9_img106.jpeg,XPS,XPS
D8_N9_img107.jpeg,XPS,XPS
D8_N9_img108.jpeg,XPS,XPS
D8_N9_img109.jpeg,XPS,XPS
D8_N9_img11.jpeg,XPS,XPS
D8_N9_img110.jpeg,XPS,XPS
D8_N9_img111.jpeg,XPS,XPS
D8_N9_img112.jpeg,XPS,XPS
D8_N9_img113.jpeg,XPS,XPS
D8_N9_img114.jpeg,XPS,XPS
D8_N9_img115.jpeg,XPS,XPS
D8_N9_img116.jpeg,XPS,XPS
D8_N9_img117.jpeg,XPS,uv-PE
D8_N9_img118.jpeg,XPS,XPS
D8_N9_img119.jpeg,XPS,XPS
D8_N9_img12.jpeg,XPS,XPS
D8_N9_img120.jpeg,XPS,XPS
D8_N9_img121.jpeg,XPS,XPS
D8_N9_img13.jpeg,XPS,XPS
D8_N9_img14.jpeg,XPS,XPS
D8_N9_img15.jpeg,XPS,XPS
D8_N9_img16.jpeg,XPS,XPS
D8_N9_img17.jpeg,XPS,XPS
D8_N9_img18.jpeg,XPS,XPS
D8_N9_img19.jpeg,XPS,XPS
D8_N9_img2.jpeg,XPS,XPS
D8_N9_img20.jpeg,XPS,XPS
D8_N9_img21.jpeg,XPS,XPS
D8_N9_img22.jpeg,XPS,XPS
D8_N9_img23.jpeg,XPS,XPS
D8_N9_img24.jpeg,XPS,XPS
D8_N9_img25.jpeg,XPS,XPS
D8_N9_img26.jpeg,XPS,XPS
D8_N9_img27.jpeg,XPS,XPS
D8_N9_img28.jpeg,XPS,XPS
D8_N9_img29.jpeg,XPS,XPS
D8_N9_img3.jpeg,XPS,XPS
D8_N9_img30.jpeg,XPS,XPS
D8_N9_img31.jpeg,XPS,XPS
D8_N9_img32.jpeg,XPS,XPS
D8_N9_img33.jpeg,XPS,XPS
D8_N9_img34.jpeg,XPS,XPS
D8_N9_img35.jpeg,XPS,XPS
D8_N9_img36.jpeg,XPS,XPS
D8_N9_img37.jpeg,XPS,XPS
D8_N9_img38.jpeg,XPS,XPS
D8_N9_img39.jpeg,XPS,XPS
D8_N9_img4.jpeg,XPS,XPS
D8_N9_img40.jpeg,XPS,XPS
D8_N9_img41.jpeg,XPS,XPS
D8_N9_img42.jpeg,XPS,XPS
D8_N9_img43.jpeg,XPS,XPS
D8_N9_img44.jpeg,XPS,XPS
D8_N9_img45.jpeg,XPS,XPS
D8_N9_img46.jpeg,XPS,XPS
D8_N9_img47.jpeg,XPS,XPS
D8_N9_img48.jpeg,XPS,XPS
D8_N9_img49.jpeg,XPS,XPS
D8_N9_img5.jpeg,XPS,XPS
D8_N9_img50.jpeg,XPS,XPS
D8_N9_img51.jpeg,XPS,XPS
D8_N9_img52.jpeg,XPS,XPS
D8_N9_img53.jpeg,XPS,XPS
D8_N9_img54.jpeg,XPS,XPS
D8_N9_img55.jpeg,XPS,XPS
D8_N9_img56.jpeg,XPS,XPS
D8_N9_img57.jpeg,XPS,XPS
D8_N9_img58.jpeg,XPS,XPS
D8_N9_img59.jpeg,XPS,XPS
D8_N9_img6.jpeg,XPS,XPS
D8_N9_img60.jpeg,XPS,XPS
D8_N9_img61.jpeg,XPS,XPS
D8_N9_img62.jpeg,XPS,XPS
D8_N9_img63.jpeg,XPS,XPS
D8_N9_img64.jpeg,XPS,XPS
D8_N9_img65.jpeg,XPS,XPS
D8_N9_img66.jpeg,XPS,XPS
D8_N9_img67.jpeg,XPS,XPS
D8_N9_img68.jpeg,XPS,XPS
D8_N9_img69.jpeg,XPS,XPS
D8_N9_img7.jpeg,XPS,XPS
D8_N9_img70.jpeg,XPS,XPS
D8_N9_img71.jpeg,XPS,XPS
D8_N9_img72.jpeg,XPS,XPS
D8_N9_img73.jpeg,XPS,XPS
D8_N9_img74.jpeg,XPS,XPS
D8_N9_img75.jpeg,XPS,XPS
D8_N9_img76.jpeg,XPS,XPS
D8_N9_img77.jpeg,XPS,XPS
D8_N9_img78.jpeg,XPS,XPS
D8_N9_img79.jpeg,XPS,XPS
D8_N9_img8.jpeg,XPS,XPS
D8_N9_img80.jpeg,XPS,XPS
D8_N9_img81.jpeg,XPS,XPS
D8_N9_img82.jpeg,XPS,XPS
D8_N9_img83.jpeg,XPS,XPS
D8_N9_img84.jpeg,XPS,XPS
D8_N9_img85.jpeg,XPS,XPS
D8_N9_img86.jpeg,XPS,XPS
D8_N9_img87.jpeg,XPS,XPS
D8_N9_img88.jpeg,XPS,XPS
D8_N9_img89.jpeg,XPS,XPS
D8_N9_img9.jpeg,XPS,XPS
D8_N9_img90.jpeg,XPS,XPS
D8_N9_img91.jpeg,XPS,XPS
D8_N9_img92.jpeg,XPS,XPS
D8_N9_img93.jpeg,XPS,XPS
D8_N9_img94.jpeg,XPS,XPS
D8_N9_img95.jpeg,XPS,XPS
D8_N9_img96.jpeg,XPS,XPS
D8_N9_img97.jpeg,XPS,XPS
D8_N9_img98.jpeg,XPS,XPS
D8_N9_img99.jpeg,XPS,XPS
G3_N9_img1.jpeg,XPS,XPS
G3_N9_img10.jpeg,XPS,XPS
G3_N9_img100.jpeg,XPS,XPS
G3_N9_img101.jpeg,XPS,XPS
G3_N9_img102.jpeg,XPS,XPS
G3_N9_img103.jpeg,XPS,XPS
G3_N9_img104.jpeg,XPS,XPS
G3_N9_img105.jpeg,XPS,XPS
G3_N9_img106.jpeg,XPS,XPS
G3_N9_img107.jpeg,XPS,XPS
G3_N9_img108.jpeg,XPS,XPS
G3_N9_img109.jpeg,XPS,XPS
G3_N9_img11.jpeg,XPS,XPS
G3_N9_img110.jpeg,XPS,XPS
G3_N9_img111.jpeg,XPS,XPS
G3_N9_img112.jpeg,XPS,XPS
G3_N9_img113.jpeg,XPS,XPS
G3_N9_img114.jpeg,XPS,XPS
G3_N9_img115.jpeg,XPS,XPS
G3_N9_img116.jpeg,XPS,XPS
G3_N9_img117.jpeg,XPS,XPS
G3_N9_img118.jpeg,XPS,XPS
G3_N9_img119.jpeg,XPS,XPS
G3_N9_img12.jpeg,XPS,XPS
G3_N9_img120.jpeg,XPS,XPS
G3_N9_img13.jpeg,XPS,XPS
G3_N9_img14.jpeg,XPS,XPS
G3_N9_img15.jpeg,XPS,XPS
G3_N9_img16.jpeg,XPS,XPS
G3_N9_img17.jpeg,XPS,XPS
G3_N9_img18.jpeg,XPS,XPS
G3_N9_img19.jpeg,XPS,XPS
G3_N9_img2.jpeg,XPS,XPS
G3_N9_img20.jpeg,XPS,XPS
G3_N9_img21.jpeg,XPS,XPS
G3_N9_img22.jpeg,XPS,XPS
G3_N9_img23.jpeg,XPS,XPS
G3_N9_img24.jpeg,XPS,XPS
G3_N9_img25.jpeg,XPS,XPS
G3_N9_img26.jpeg,XPS,XPS
G3_N9_img27.jpeg,XPS,XPS
G3_N9_img28.jpeg,XPS,XPS
G3_N9_img29.jpeg,XPS,XPS
G3_N9_img3.jpeg,XPS,XPS
G3_N9_img30.jpeg,XPS,XPS
G3_N9_img31.jpeg,XPS,XPS
G3_N9_img32.jpeg,XPS,XPS
G3_N9_img33.jpeg,XPS,XPS
G3_N9_img34.jpeg,XPS,XPS
G3_N9_img35.jpeg,XPS,XPS
G3_N9_img36.jpeg,XPS,XPS
G3_N9_img37.jpeg,XPS,XPS
G3_N9_img38.jpeg,XPS,XPS
G3_N9_img39.jpeg,XPS,XPS
G3_N9_img4.jpeg,XPS,XPS
G3_N9_img40.jpeg,XPS,XPS
G3_N9_img41.jpeg,XPS,XPS
G3_N9_img42.jpeg,XPS,XPS
G3_N9_img43.jpeg,XPS,XPS
G3_N9_img44.jpeg,XPS,XPS
G3_N9_img45.jpeg,XPS,XPS
G3_N9_img46.jpeg,XPS,XPS
G3_N9_img47.jpeg,XPS,XPS
G3_N9_img48.jpeg,XPS,XPS
G3_N9_img49.jpeg,XPS,XPS
G3_N9_img5.jpeg,XPS,XPS
G3_N9_img50.jpeg,XPS,XPS
G3_N9_img51.jpeg,XPS,XPS
G3_N9_img52.jpeg,XPS,XPS
G3_N9_img53.jpeg,XPS,XPS
G3_N9_img54.jpeg,XPS,XPS
G3_N9_img55.jpeg,XPS,XPS
G3_N9_img56.jpeg,XPS,XPS
G3_N9_img57.jpeg,XPS,XPS
G3_N9_img58.jpeg,XPS,XPS
G3_N9_img59.jpeg,XPS,XPS
G3_N9_img6.jpeg,XPS,XPS
G3_N9_img60.jpeg,XPS,XPS
G3_N9_img61.jpeg,XPS,XPS
G3_N9_img62.jpeg,XPS,XPS
G3_N9_img63.jpeg,XPS,XPS
G3_N9_img64.jpeg,XPS,XPS
G3_N9_img65.jpeg,XPS,XPS
G3_N9_img66.jpeg,XPS,XPS
G3_N9_img67.jpeg,XPS,XPS
G3_N9_img68.jpeg,XPS,XPS
G3_N9_img69.jpeg,XPS,XPS
G3_N9_img7.jpeg,XPS,XPS
G3_N9_img70.jpeg,XPS,XPS
G3_N9_img71.jpeg,XPS,XPS
G3_N9_img72.jpeg,XPS,XPS
G3_N9_img73.jpeg,XPS,XPS
G3_N9_img74.jpeg,XPS,XPS
G3_N9_img75.jpeg,XPS,XPS
G3_N9_img76.jpeg,XPS,XPS
G3_N9_img77.jpeg,XPS,XPS
G3_N9_img78.jpeg,XPS,XPS
G3_N9_img79.jpeg,XPS,XPS
G3_N9_img8.jpeg,XPS,XPS
G3_N9_img80.jpeg,XPS,XPS
G3_N9_img81.jpeg,XPS,XPS
G3_N9_img82.jpeg,XPS,XPS
G3_N9_img83.jpeg,XPS,XPS
G3_N9_img84.jpeg,XPS,XPS
G3_N9_img85.jpeg,XPS,XPS
G3_N9_img86.jpeg,XPS,XPS
G3_N9_img87.jpeg,XPS,XPS
G3_N9_img88.jpeg,XPS,XPS
G3_N9_img89.jpeg,XPS,XPS
G3_N9_img9.jpeg,XPS,XPS
G3_N9_img90.jpeg,XPS,XPS
G3_N9_img91.jpeg,XPS,XPS
G3_N9_img92.jpeg,XPS,XPS
G3_N9_img93.jpeg,XPS,XPS
G3_N9_img94.jpeg,XPS,XPS
G3_N9_img95.jpeg,XPS,XPS
G3_N9_img96.jpeg,XPS,XPS
G3_N9_img97.jpeg,XPS,XPS
G3_N9_img98.jpeg,XPS,XPS
G3_N9_img99.jpeg,XPS,XPS
T12_N9_img1.jpeg,XPS,XPS
T12_N9_img10.jpeg,XPS,XPS
T12_N9_img100.jpeg,XPS,XPS
T12_N9_img101.jpeg,XPS,XPS
T12_N9_img102.jpeg,XPS,XPS
T12_N9_img103.jpeg,XPS,XPS
T12_N9_img104.jpeg,XPS,XPS
T12_N9_img105.jpeg,XPS,XPS
T12_N9_img106.jpeg,XPS,XPS
T12_N9_img107.jpeg,XPS,XPS
T12_N9_img108.jpeg,XPS,XPS
T12_N9_img109.jpeg,XPS,XPS
T12_N9_img11.jpeg,XPS,XPS
T12_N9_img110.jpeg,XPS,XPS
T12_N9_img111.jpeg,XPS,XPS
T12_N9_img112.jpeg,XPS,XPS
T12_N9_img113.jpeg,XPS,XPS
T12_N9_img114.jpeg,XPS,XPS
T12_N9_img115.jpeg,XPS,XPS
T12_N9_img116.jpeg,XPS,XPS
T12_N9_img117.jpeg,XPS,XPS
T12_N9_img118.jpeg,XPS,XPS
T12_N9_img119.jpeg,XPS,XPS
T12_N9_img12.jpeg,XPS,XPS
T12_N9_img120.jpeg,XPS,XPS
T12_N9_img13.jpeg,XPS,XPS
T12_N9_img14.jpeg,XPS,XPS
T12_N9_img15.jpeg,XPS,XPS
T12_N9_img16.jpeg,XPS,XPS
T12_N9_img17.jpeg,XPS,XPS
T12_N9_img18.jpeg,XPS,XPS
T12_N9_img19.jpeg,XPS,XPS
T12_N9_img2.jpeg,XPS,XPS
T12_N9_img20.jpeg,XPS,XPS
T12_N9_img21.jpeg,XPS,XPS
T12_N9_img22.jpeg,XPS,XPS
T12_N9_img23.jpeg,XPS,XPS
T12_N9_img24.jpeg,XPS,XPS
T12_N9_img25.jpeg,XPS,XPS
T12_N9_img26.jpeg,XPS,XPS
T12_N9_img27.jpeg,XPS,XPS
T12_N9_img28.jpeg,XPS,XPS
T12_N9_img29.jpeg,XPS,XPS
T12_N9_img3.jpeg,XPS,XPS
T12_N9_img30.jpeg,XPS,XPS
T12_N9_img31.jpeg,XPS,XPS
T12_N9_img32.jpeg,XPS,XPS
T12_N9_img33.jpeg,XPS,XPS
T12_N9_img34.jpeg,XPS,XPS
T12_N9_img35.jpeg,XPS,XPS
T12_N9_img36.jpeg,XPS,XPS
T12_N9_img37.jpeg,XPS,XPS
T12_N9_img38.jpeg,XPS,XPS
T12_N9_img39.jpeg,XPS,XPS
T12_N9_img4.jpeg,XPS,XPS
T12_N9_img40.jpeg,XPS,XPS
T12_N9_img41.jpeg,XPS,XPS
T12_N9_img42.jpeg,XPS,XPS
T12_N9_img43.jpeg,XPS,XPS
T12_N9_img44.jpeg,XPS,XPS
T12_N9_img45.jpeg,XPS,XPS
T12_N9_img46.jpeg,XPS,XPS
T12_N9_img47.jpeg,XPS,XPS
T12_N9_img48.jpeg,XPS,XPS
T12_N9_img49.jpeg,XPS,XPS
T12_N9_img5.jpeg,XPS,XPS
T12_N9_img50.jpeg,XPS,XPS
T12_N9_img51.jpeg,XPS,XPS
T12_N9_img52.jpeg,XPS,XPS
T12_N9_img53.jpeg,XPS,XPS
T12_N9_img54.jpeg,XPS,XPS
T12_N9_img55.jpeg,XPS,XPS
T12_N9_img56.jpeg,XPS,XPS
T12_N9_img57.jpeg,XPS,XPS
T12_N9_img58.jpeg,XPS,XPS
T12_N9_img59.jpeg,XPS,XPS
T12_N9_img6.jpeg,XPS,XPS
T12_N9_img60.jpeg,XPS,XPS
T12_N9_img61.jpeg,XPS,XPS
T12_N9_img62.jpeg,XPS,XPS
T12_N9_img63.jpeg,XPS,XPS
T12_N9_img64.jpeg,XPS,XPS
T12_N9_img65.jpeg,XPS,XPS
T12_N9_img66.jpeg,XPS,XPS
T12_N9_img67.jpeg,XPS,XPS
T12_N9_img68.jpeg,XPS,XPS
T12_N9_img69.jpeg,XPS,XPS
T12_N9_img7.jpeg,XPS,XPS
T12_N9_img70.jpeg,XPS,XPS
T12_N9_img71.jpeg,XPS,XPS
T12_N9_img72.jpeg,XPS,XPS
T12_N9_img73.jpeg,XPS,XPS
T12_N9_img74.jpeg,XPS,XPS
T12_N9_img75.jpeg,XPS,XPS
T12_N9_img76.jpeg,XPS,XPS
T12_N9_img77.jpeg,XPS,XPS
T12_N9_img78.jpeg,XPS,XPS
T12_N9_img79.jpeg,XPS,XPS
T12_N9_img8.jpeg,XPS,XPS
T12_N9_img80.jpeg,XPS,XPS
T12_N9_img81.jpeg,XPS,XPS
T12_N9_img82.jpeg,XPS,XPS
T12_N9_img83.jpeg,XPS,XPS
T12_N9_img84.jpeg,XPS,XPS
T12_N9_img85.jpeg,XPS,XPS
T12_N9_img86.jpeg,XPS,XPS
T12_N9_img87.jpeg,XPS,XPS
T12_N9_img88.jpeg,XPS,XPS
T12_N9_img89.jpeg,XPS,XPS
T12_N9_img9.jpeg,XPS,XPS
T12_N9_img90.jpeg,XPS,XPS
T12_N9_img91.jpeg,XPS,XPS
T12_N9_img92.jpeg,XPS,XPS
T12_N9_img93.jpeg,XPS,XPS
T12_N9_img94.jpeg,XPS,XPS
T12_N9_img95.jpeg,XPS,XPS
T12_N9_img96.jpeg,XPS,XPS
T12_N9_img97.jpeg,XPS,XPS
T12_N9_img98.jpeg,XPS,XPS
T12_N9_img99.jpeg,XPS,XPS
T3_N9_img1.jpeg,XPS,XPS
T3_N9_img10.jpeg,XPS,XPS
T3_N9_img100.jpeg,XPS,XPS
T3_N9_img101.jpeg,XPS,XPS
T3_N9_img102.jpeg,XPS,XPS
T3_N9_img103.jpeg,XPS,XPS
T3_N9_img104.jpeg,XPS,XPS
T3_N9_img105.jpeg,XPS,XPS
T3_N9_img106.jpeg,XPS,XPS
T3_N9_img107.jpeg,XPS,XPS
T3_N9_img108.jpeg,XPS,XPS
T3_N9_img109.jpeg,XPS,XPS
T3_N9_img11.jpeg,XPS,XPS
T3_N9_img110.jpeg,XPS,XPS
T3_N9_img111.jpeg,XPS,XPS
T3_N9_img112.jpeg,XPS,XPS
T3_N9_img113.jpeg,XPS,XPS
T3_N9_img114.jpeg,XPS,XPS
T3_N9_img115.jpeg,XPS,XPS
T3_N9_img116.jpeg,XPS,XPS
T3_N9_img117.jpeg,XPS,XPS
T3_N9_img118.jpeg,XPS,XPS
T3_N9_img119.jpeg,XPS,XPS
T3_N9_img12.jpeg,XPS,XPS
T3_N9_img120.jpeg,XPS,XPS
T3_N9_img121.jpeg,XPS,XPS
T3_N9_img13.jpeg,XPS,XPS
T3_N9_img14.jpeg,XPS,XPS
T3_N9_img15.jpeg,XPS,XPS
T3_N9_img16.jpeg,XPS,XPS
T3_N9_img17.jpeg,XPS,XPS
T3_N9_img18.jpeg,XPS,XPS
T3_N9_img19.jpeg,XPS,XPS
T3_N9_img2.jpeg,XPS,XPS
T3_N9_img20.jpeg,XPS,XPS
T3_N9_img21.jpeg,XPS,XPS
T3_N9_img22.jpeg,XPS,XPS
T3_N9_img23.jpeg,XPS,XPS
T3_N9_img24.jpeg,XPS,XPS
T3_N9_img25.jpeg,XPS,XPS
T3_N9_img26.jpeg,XPS,XPS
T3_N9_img27.jpeg,XPS,XPS
T3_N9_img28.jpeg,XPS,XPS
T3_N9_img29.jpeg,XPS,XPS
T3_N9_img3.jpeg,XPS,XPS
T3_N9_img30.jpeg,XPS,XPS
T3_N9_img31.jpeg,XPS,XPS
T3_N9_img32.jpeg,XPS,XPS
T3_N9_img33.jpeg,XPS,XPS
T3_N9_img34.jpeg,XPS,XPS
T3_N9_img35.jpeg,XPS,XPS
T3_N9_img36.jpeg,XPS,XPS
T3_N9_img37.jpeg,XPS,XPS
T3_N9_img38.jpeg,XPS,XPS
T3_N9_img39.jpeg,XPS,XPS
T3_N9_img4.jpeg,XPS,XPS
T3_N9_img40.jpeg,XPS,XPS
T3_N9_img41.jpeg,XPS,XPS
T3_N9_img42.jpeg,XPS,XPS
T3_N9_img43.jpeg,XPS,XPS
T3_N9_img44.jpeg,XPS,XPS
T3_N9_img45.jpeg,XPS,XPS
T3_N9_img46.jpeg,XPS,XPS
T3_N9_img47.jpeg,XPS,XPS
T3_N9_img48.jpeg,XPS,XPS
T3_N9_img49.jpeg,XPS,XPS
T3_N9_img5.jpeg,XPS,XPS
T3_N9_img50.jpeg,XPS,XPS
T3_N9_img51.jpeg,XPS,XPS
T3_N9_img52.jpeg,XPS,XPS
T3_N9_img53.jpeg,XPS,XPS
T3_N9_img54.jpeg,XPS,XPS
T3_N9_img55.jpeg,XPS,XPS
T3_N9_img56.jpeg,XPS,XPS
T3_N9_img57.jpeg,XPS,XPS
T3_N9_img58.jpeg,XPS,XPS
T3_N9_img59.jpeg,XPS,XPS
T3_N9_img6.jpeg,XPS,XPS
T3_N9_img60.jpeg,XPS,XPS
T3_N9_img61.jpeg,XPS,XPS
T3_N9_img62.jpeg,XPS,XPS
T3_N9_img63.jpeg,XPS,XPS
T3_N9_img64.jpeg,XPS,XPS
T3_N9_img65.jpeg,XPS,XPS
T3_N9_img66.jpeg,XPS,XPS
T3_N9_img67.jpeg,XPS,XPS
T3_N9_img68.jpeg,XPS,XPS
T3_N9_img69.jpeg,XPS,XPS
T3_N9_img7.jpeg,XPS,XPS
T3_N9_img70.jpeg,XPS,XPS
T3_N9_img71.jpeg,XPS,XPS
T3_N9_img72.jpeg,XPS,XPS
T3_N9_img73.jpeg,XPS,XPS
T3_N9_img74.jpeg,XPS,XPS
T3_N9_img75.jpeg,XPS,XPS
T3_N9_img76.jpeg,XPS,XPS
T3_N9_img77.jpeg,XPS,XPS
T3_N9_img78.jpeg,XPS,XPS
T3_N9_img79.jpeg,XPS,XPS
T3_N9_img8.jpeg,XPS,XPS
T3_N9_img80.jpeg,XPS,XPS
T3_N9_img81.jpeg,XPS,XPS
T3_N9_img82.jpeg,XPS,XPS
T3_N9_img83.jpeg,XPS,XPS
T3_N9_img84.jpeg,XPS,XPS
T3_N9_img85.jpeg,XPS,XPS
T3_N9_img86.jpeg,XPS,XPS
T3_N9_img87.jpeg,XPS,XPS
T3_N9_img88.jpeg,XPS,XPS
T3_N9_img89.jpeg,XPS,XPS
T3_N9_img9.jpeg,XPS,XPS
T3_N9_img90.jpeg,XPS,XPS
T3_N9_img91.jpeg,XPS,XPS
T3_N9_img92.jpeg,XPS,XPS
T3_N9_img93.jpeg,XPS,XPS
T3_N9_img94.jpeg,XPS,XPS
T3_N9_img95.jpeg,XPS,XPS
T3_N9_img96.jpeg,XPS,XPS
T3_N9_img97.jpeg,XPS,XPS
T3_N9_img98.jpeg,XPS,XPS
T3_N9_img99.jpeg,XPS,XPS
D1_N2_img1.jpeg,oxo-PE,oxo-PE
D1_N2_img10.jpeg,oxo-PE,oxo-PE
D1_N2_img100.jpeg,oxo-PE,oxo-PE
D1_N2_img101.jpeg,oxo-PE,oxo-PE
D1_N2_img102.jpeg,oxo-PE,oxo-PE
D1_N2_img103.jpeg,oxo-PE,oxo-PE
D1_N2_img104.jpeg,oxo-PE,oxo-PE
D1_N2_img105.jpeg,oxo-PE,oxo-PE
D1_N2_img106.jpeg,oxo-PE,oxo-PE
D1_N2_img107.jpeg,oxo-PE,oxo-PE
D1_N2_img108.jpeg,oxo-PE,oxo-PE
D1_N2_img109.jpeg,oxo-PE,oxo-PE
D1_N2_img11.jpeg,oxo-PE,oxo-PE
D1_N2_img110.jpeg,oxo-PE,oxo-PE
D1_N2_img111.jpeg,oxo-PE,oxo-PE
D1_N2_img112.jpeg,oxo-PE,oxo-PE
D1_N2_img113.jpeg,oxo-PE,oxo-PE
D1_N2_img114.jpeg,oxo-PE,oxo-PE
D1_N2_img115.jpeg,oxo-PE,oxo-PE
D1_N2_img116.jpeg,oxo-PE,oxo-PE
D1_N2_img117.jpeg,oxo-PE,oxo-PE
D1_N2_img118.jpeg,oxo-PE,oxo-PE
D1_N2_img119.jpeg,oxo-PE,oxo-PE
D1_N2_img12.jpeg,oxo-PE,oxo-PE
D1_N2_img120.jpeg,oxo-PE,oxo-PE
D1_N2_img13.jpeg,oxo-PE,oxo-PE
D1_N2_img14.jpeg,oxo-PE,oxo-PE
D1_N2_img15.jpeg,oxo-PE,oxo-PE
D1_N2_img16.jpeg,oxo-PE,oxo-PE
D1_N2_img17.jpeg,oxo-PE,oxo-PE
D1_N2_img18.jpeg,oxo-PE,oxo-PE
D1_N2_img19.jpeg,oxo-PE,oxo-PE
D1_N2_img2.jpeg,oxo-PE,oxo-PE
D1_N2_img20.jpeg,oxo-PE,oxo-PE
D1_N2_img21.jpeg,oxo-PE,oxo-PE
D1_N2_img22.jpeg,oxo-PE,oxo-PE
D1_N2_img23.jpeg,oxo-PE,oxo-PE
D1_N2_img24.jpeg,oxo-PE,oxo-PE
D1_N2_img25.jpeg,oxo-PE,oxo-PE
D1_N2_img26.jpeg,oxo-PE,oxo-PE
D1_N2_img27.jpeg,oxo-PE,oxo-PE
D1_N2_img28.jpeg,oxo-PE,oxo-PE
D1_N2_img29.jpeg,oxo-PE,oxo-PE
D1_N2_img3.jpeg,oxo-PE,oxo-PE
D1_N2_img30.jpeg,oxo-PE,oxo-PE
D1_N2_img31.jpeg,oxo-PE,oxo-PE
D1_N2_img32.jpeg,oxo-PE,oxo-PE
D1_N2_img33.jpeg,oxo-PE,oxo-PE
D1_N2_img34.jpeg,oxo-PE,oxo-PE
D1_N2_img35.jpeg,oxo-PE,oxo-PE
D1_N2_img36.jpeg,oxo-PE,oxo-PE
D1_N2_img37.jpeg,oxo-PE,oxo-PE
D1_N2_img38.jpeg,oxo-PE,oxo-PE
D1_N2_img39.jpeg,oxo-PE,oxo-PE
D1_N2_img4.jpeg,oxo-PE,oxo-PE
D1_N2_img40.jpeg,oxo-PE,oxo-PE
D1_N2_img41.jpeg,oxo-PE,oxo-PE
D1_N2_img42.jpeg,oxo-PE,oxo-PE
D1_N2_img43.jpeg,oxo-PE,oxo-PE
D1_N2_img44.jpeg,oxo-PE,oxo-PE
D1_N2_img45.jpeg,oxo-PE,oxo-PE
D1_N2_img46.jpeg,oxo-PE,oxo-PE
D1_N2_img47.jpeg,oxo-PE,oxo-PE
D1_N2_img48.jpeg,oxo-PE,oxo-PE
D1_N2_img49.jpeg,oxo-PE,oxo-PE
D1_N2_img5.jpeg,oxo-PE,oxo-PE
D1_N2_img50.jpeg,oxo-PE,oxo-PE
D1_N2_img51.jpeg,oxo-PE,oxo-PE
D1_N2_img52.jpeg,oxo-PE,oxo-PE
D1_N2_img53.jpeg,oxo-PE,oxo-PE
D1_N2_img54.jpeg,oxo-PE,oxo-PE
D1_N2_img55.jpeg,oxo-PE,oxo-PE
D1_N2_img56.jpeg,oxo-PE,oxo-PE
D1_N2_img57.jpeg,oxo-PE,oxo-PE
D1_N2_img58.jpeg,oxo-PE,oxo-PE
D1_N2_img59.jpeg,oxo-PE,oxo-PE
D1_N2_img6.jpeg,oxo-PE,oxo-PE
D1_N2_img60.jpeg,oxo-PE,oxo-PE
D1_N2_img61.jpeg,oxo-PE,oxo-PE
D1_N2_img62.jpeg,oxo-PE,oxo-PE
D1_N2_img63.jpeg,oxo-PE,oxo-PE
D1_N2_img64.jpeg,oxo-PE,oxo-PE
D1_N2_img65.jpeg,oxo-PE,oxo-PE
D1_N2_img66.jpeg,oxo-PE,oxo-PE
D1_N2_img67.jpeg,oxo-PE,oxo-PE
D1_N2_img68.jpeg,oxo-PE,oxo-PE
D1_N2_img69.jpeg,oxo-PE,oxo-PE
D1_N2_img7.jpeg,oxo-PE,oxo-PE
D1_N2_img70.jpeg,oxo-PE,oxo-PE
D1_N2_img71.jpeg,oxo-PE,oxo-PE
D1_N2_img72.jpeg,oxo-PE,oxo-PE
D1_N2_img73.jpeg,oxo-PE,oxo-PE
D1_N2_img74.jpeg,oxo-PE,oxo-PE
D1_N2_img75.jpeg,oxo-PE,oxo-PE
D1_N2_img76.jpeg,oxo-PE,oxo-PE
D1_N2_img77.jpeg,oxo-PE,oxo-PE
D1_N2_img78.jpeg,oxo-PE,oxo-PE
D1_N2_img79.jpeg,oxo-PE,oxo-PE
D1_N2_img8.jpeg,oxo-PE,oxo-PE
D1_N2_img80.jpeg,oxo-PE,oxo-PE
D1_N2_img81.jpeg,oxo-PE,oxo-PE
D1_N2_img82.jpeg,oxo-PE,oxo-PE
D1_N2_img83.jpeg,oxo-PE,oxo-PE
D1_N2_img84.jpeg,oxo-PE,oxo-PE
D1_N2_img85.jpeg,oxo-PE,oxo-PE
D1_N2_img86.jpeg,oxo-PE,oxo-PE
D1_N2_img87.jpeg,oxo-PE,oxo-PE
D1_N2_img88.jpeg,oxo-PE,oxo-PE
D1_N2_img89.jpeg,oxo-PE,oxo-PE
D1_N2_img9.jpeg,oxo-PE,oxo-PE
D1_N2_img90.jpeg,oxo-PE,oxo-PE
D1_N2_img91.jpeg,oxo-PE,oxo-PE
D1_N2_img92.jpeg,oxo-PE,oxo-PE
D1_N2_img93.jpeg,oxo-PE,oxo-PE
D1_N2_img94.jpeg,oxo-PE,oxo-PE
D1_N2_img95.jpeg,oxo-PE,oxo-PE
D1_N2_img96.jpeg,oxo-PE,oxo-PE
D1_N2_img97.jpeg,oxo-PE,oxo-PE
D1_N2_img98.jpeg,oxo-PE,oxo-PE
D1_N2_img99.jpeg,oxo-PE,oxo-PE
D8_N2_img1.jpeg,oxo-PE,oxo-PE
D8_N2_img10.jpeg,oxo-PE,oxo-PE
D8_N2_img100.jpeg,oxo-PE,oxo-PE
D8_N2_img101.jpeg,oxo-PE,oxo-PE
D8_N2_img102.jpeg,oxo-PE,oxo-PE
D8_N2_img103.jpeg,oxo-PE,oxo-PE
D8_N2_img104.jpeg,oxo-PE,oxo-PE
D8_N2_img105.jpeg,oxo-PE,oxo-PE
D8_N2_img106.jpeg,oxo-PE,oxo-PE
D8_N2_img107.jpeg,oxo-PE,oxo-PE
D8_N2_img108.jpeg,oxo-PE,oxo-PE
D8_N2_img109.jpeg,oxo-PE,oxo-PE
D8_N2_img11.jpeg,oxo-PE,oxo-PE
D8_N2_img110.jpeg,oxo-PE,oxo-PE
D8_N2_img111.jpeg,oxo-PE,oxo-PE
D8_N2_img112.jpeg,oxo-PE,oxo-PE
D8_N2_img113.jpeg,oxo-PE,oxo-PE
D8_N2_img114.jpeg,oxo-PE,oxo-PE
D8_N2_img115.jpeg,oxo-PE,oxo-PE
D8_N2_img116.jpeg,oxo-PE,oxo-PE
D8_N2_img117.jpeg,oxo-PE,oxo-PE
D8_N2_img118.jpeg,oxo-PE,oxo-PE
D8_N2_img119.jpeg,oxo-PE,oxo-PE
D8_N2_img12.jpeg,oxo-PE,oxo-PE
D8_N2_img120.jpeg,oxo-PE,oxo-PE
D8_N2_img121.jpeg,oxo-PE,oxo-PE
D8_N2_img122.jpeg,oxo-PE,oxo-PE
D8_N2_img13.jpeg,oxo-PE,oxo-PE
D8_N2_img14.jpeg,oxo-PE,oxo-PE
D8_N2_img15.jpeg,oxo-PE,oxo-PE
D8_N2_img16.jpeg,oxo-PE,oxo-PE
D8_N2_img17.jpeg,oxo-PE,oxo-PE
D8_N2_img18.jpeg,oxo-PE,oxo-PE
D8_N2_img19.jpeg,oxo-PE,oxo-PE
D8_N2_img2.jpeg,oxo-PE,oxo-PE
D8_N2_img20.jpeg,oxo-PE,oxo-PE
D8_N2_img21.jpeg,oxo-PE,oxo-PE
D8_N2_img22.jpeg,oxo-PE,oxo-PE
D8_N2_img23.jpeg,oxo-PE,oxo-PE
D8_N2_img24.jpeg,oxo-PE,oxo-PE
D8_N2_img25.jpeg,oxo-PE,oxo-PE
D8_N2_img26.jpeg,oxo-PE,oxo-PE
D8_N2_img27.jpeg,oxo-PE,oxo-PE
D8_N2_img28.jpeg,oxo-PE,oxo-PE
D8_N2_img29.jpeg,oxo-PE,oxo-PE
D8_N2_img3.jpeg,oxo-PE,oxo-PE
D8_N2_img30.jpeg,oxo-PE,oxo-PE
D8_N2_img31.jpeg,oxo-PE,oxo-PE
D8_N2_img32.jpeg,oxo-PE,oxo-PE
D8_N2_img33.jpeg,oxo-PE,oxo-PE
D8_N2_img34.jpeg,oxo-PE,oxo-PE
D8_N2_img35.jpeg,oxo-PE,oxo-PE
D8_N2_img36.jpeg,oxo-PE,oxo-PE
D8_N2_img37.jpeg,oxo-PE,oxo-PE
D8_N2_img38.jpeg,oxo-PE,oxo-PE
D8_N2_img39.jpeg,oxo-PE,oxo-PE
D8_N2_img4.jpeg,oxo-PE,oxo-PE
D8_N2_img40.jpeg,oxo-PE,oxo-PE
D8_N2_img41.jpeg,oxo-PE,oxo-PE
D8_N2_img42.jpeg,oxo-PE,oxo-PE
D8_N2_img43.jpeg,oxo-PE,oxo-PE
D8_N2_img44.jpeg,oxo-PE,oxo-PE
D8_N2_img45.jpeg,oxo-PE,oxo-PE
D8_N2_img46.jpeg,oxo-PE,oxo-PE
D8_N2_img47.jpeg,oxo-PE,oxo-PE
D8_N2_img48.jpeg,oxo-PE,oxo-PE
D8_N2_img49.jpeg,oxo-PE,oxo-PE
D8_N2_img5.jpeg,oxo-PE,oxo-PE
D8_N2_img50.jpeg,oxo-PE,oxo-PE
D8_N2_img51.jpeg,oxo-PE,oxo-PE
D8_N2_img52.jpeg,oxo-PE,oxo-PE
D8_N2_img53.jpeg,oxo-PE,oxo-PE
D8_N2_img54.jpeg,oxo-PE,oxo-PE
D8_N2_img55.jpeg,oxo-PE,oxo-PE
D8_N2_img56.jpeg,oxo-PE,oxo-PE
D8_N2_img57.jpeg,oxo-PE,oxo-PE
D8_N2_img58.jpeg,oxo-PE,oxo-PE
D8_N2_img59.jpeg,oxo-PE,oxo-PE
D8_N2_img6.jpeg,oxo-PE,oxo-PE
D8_N2_img60.jpeg,oxo-PE,oxo-PE
D8_N2_img61.jpeg,oxo-PE,oxo-PE
D8_N2_img62.jpeg,oxo-PE,oxo-PE
D8_N2_img63.jpeg,oxo-PE,oxo-PE
D8_N2_img64.jpeg,oxo-PE,oxo-PE
D8_N2_img65.jpeg,oxo-PE,oxo-PE
D8_N2_img66.jpeg,oxo-PE,oxo-PE
D8_N2_img67.jpeg,oxo-PE,oxo-PE
D8_N2_img68.jpeg,oxo-PE,oxo-PE
D8_N2_img69.jpeg,oxo-PE,oxo-PE
D8_N2_img7.jpeg,oxo-PE,oxo-PE
D8_N2_img70.jpeg,oxo-PE,oxo-PE
D8_N2_img71.jpeg,oxo-PE,oxo-PE
D8_N2_img72.jpeg,oxo-PE,oxo-PE
D8_N2_img73.jpeg,oxo-PE,oxo-PE
D8_N2_img74.jpeg,oxo-PE,oxo-PE
D8_N2_img75.jpeg,oxo-PE,oxo-PE
D8_N2_img76.jpeg,oxo-PE,oxo-PE
D8_N2_img77.jpeg,oxo-PE,oxo-PE
D8_N2_img78.jpeg,oxo-PE,oxo-PE
D8_N2_img79.jpeg,oxo-PE,oxo-PE
D8_N2_img8.jpeg,oxo-PE,oxo-PE
D8_N2_img80.jpeg,oxo-PE,oxo-PE
D8_N2_img81.jpeg,oxo-PE,oxo-PE
D8_N2_img82.jpeg,oxo-PE,oxo-PE
D8_N2_img83.jpeg,oxo-PE,oxo-PE
D8_N2_img84.jpeg,oxo-PE,oxo-PE
D8_N2_img85.jpeg,oxo-PE,oxo-PE
D8_N2_img86.jpeg,oxo-PE,oxo-PE
D8_N2_img87.jpeg,oxo-PE,oxo-PE
D8_N2_img88.jpeg,oxo-PE,oxo-PE
D8_N2_img89.jpeg,oxo-PE,oxo-PE
D8_N2_img9.jpeg,oxo-PE,oxo-PE
D8_N2_img90.jpeg,oxo-PE,oxo-PE
D8_N2_img91.jpeg,oxo-PE,oxo-PE
D8_N2_img92.jpeg,oxo-PE,oxo-PE
D8_N2_img93.jpeg,oxo-PE,oxo-PE
D8_N2_img94.jpeg,oxo-PE,oxo-PE
D8_N2_img95.jpeg,oxo-PE,oxo-PE
D8_N2_img96.jpeg,oxo-PE,oxo-PE
D8_N2_img97.jpeg,oxo-PE,oxo-PE
D8_N2_img98.jpeg,oxo-PE,oxo-PE
D8_N2_img99.jpeg,oxo-PE,oxo-PE
G3_N2_img1.jpeg,oxo-PE,oxo-PE
G3_N2_img10.jpeg,oxo-PE,oxo-PE
G3_N2_img100.jpeg,oxo-PE,oxo-PE
G3_N2_img101.jpeg,oxo-PE,oxo-PE
G3_N2_img102.jpeg,oxo-PE,oxo-PE
G3_N2_img103.jpeg,oxo-PE,oxo-PE
G3_N2_img104.jpeg,oxo-PE,oxo-PE
G3_N2_img105.jpeg,oxo-PE,oxo-PE
G3_N2_img106.jpeg,oxo-PE,oxo-PE
G3_N2_img107.jpeg,oxo-PE,oxo-PE
G3_N2_img108.jpeg,oxo-PE,oxo-PE
G3_N2_img109.jpeg,oxo-PE,oxo-PE
G3_N2_img11.jpeg,oxo-PE,oxo-PE
G3_N2_img110.jpeg,oxo-PE,oxo-PE
G3_N2_img111.jpeg,oxo-PE,oxo-PE
G3_N2_img112.jpeg,oxo-PE,oxo-PE
G3_N2_img113.jpeg,oxo-PE,oxo-PE
G3_N2_img114.jpeg,oxo-PE,oxo-PE
G3_N2_img115.jpeg,oxo-PE,oxo-PE
G3_N2_img116.jpeg,oxo-PE,oxo-PE
G3_N2_img117.jpeg,oxo-PE,oxo-PE
G3_N2_img118.jpeg,oxo-PE,oxo-PE
G3_N2_img119.jpeg,oxo-PE,oxo-PE
G3_N2_img12.jpeg,oxo-PE,oxo-PE
G3_N2_img120.jpeg,oxo-PE,oxo-PE
G3_N2_img13.jpeg,oxo-PE,oxo-PE
G3_N2_img14.jpeg,oxo-PE,oxo-PE
G3_N2_img15.jpeg,oxo-PE,oxo-PE
G3_N2_img16.jpeg,oxo-PE,oxo-PE
G3_N2_img17.jpeg,oxo-PE,oxo-PE
G3_N2_img18.jpeg,oxo-PE,oxo-PE
G3_N2_img19.jpeg,oxo-PE,oxo-PE
G3_N2_img2.jpeg,oxo-PE,oxo-PE
G3_N2_img20.jpeg,oxo-PE,oxo-PE
G3_N2_img21.jpeg,oxo-PE,oxo-PE
G3_N2_img22.jpeg,oxo-PE,oxo-PE
G3_N2_img23.jpeg,oxo-PE,oxo-PE
G3_N2_img24.jpeg,oxo-PE,oxo-PE
G3_N2_img25.jpeg,oxo-PE,oxo-PE
G3_N2_img26.jpeg,oxo-PE,oxo-PE
G3_N2_img27.jpeg,oxo-PE,oxo-PE
G3_N2_img28.jpeg,oxo-PE,oxo-PE
G3_N2_img29.jpeg,oxo-PE,oxo-PE
G3_N2_img3.jpeg,oxo-PE,oxo-PE
G3_N2_img30.jpeg,oxo-PE,oxo-PE
G3_N2_img31.jpeg,oxo-PE,oxo-PE
G3_N2_img32.jpeg,oxo-PE,oxo-PE
G3_N2_img33.jpeg,oxo-PE,oxo-PE
G3_N2_img34.jpeg,oxo-PE,oxo-PE
G3_N2_img35.jpeg,oxo-PE,oxo-PE
G3_N2_img36.jpeg,oxo-PE,oxo-PE
G3_N2_img37.jpeg,oxo-PE,oxo-PE
G3_N2_img38.jpeg,oxo-PE,oxo-PE
G3_N2_img39.jpeg,oxo-PE,oxo-PE
G3_N2_img4.jpeg,oxo-PE,oxo-PE
G3_N2_img40.jpeg,oxo-PE,oxo-PE
G3_N2_img41.jpeg,oxo-PE,oxo-PE
G3_N2_img42.jpeg,oxo-PE,oxo-PE
G3_N2_img43.jpeg,oxo-PE,oxo-PE
G3_N2_img44.jpeg,oxo-PE,oxo-PE
G3_N2_img45.jpeg,oxo-PE,oxo-PE
G3_N2_img46.jpeg,oxo-PE,oxo-PE
G3_N2_img47.jpeg,oxo-PE,oxo-PE
G3_N2_img48.jpeg,oxo-PE,oxo-PE
G3_N2_img49.jpeg,oxo-PE,oxo-PE
G3_N2_img5.jpeg,oxo-PE,oxo-PE
G3_N2_img50.jpeg,oxo-PE,oxo-PE
G3_N2_img51.jpeg,oxo-PE,oxo-PE
G3_N2_img52.jpeg,oxo-PE,oxo-PE
G3_N2_img53.jpeg,oxo-PE,oxo-PE
G3_N2_img54.jpeg,oxo-PE,oxo-PE
G3_N2_img55.jpeg,oxo-PE,oxo-PE
G3_N2_img56.jpeg,oxo-PE,oxo-PE
G3_N2_img57.jpeg,oxo-PE,oxo-PE
G3_N2_img58.jpeg,oxo-PE,oxo-PE
G3_N2_img59.jpeg,oxo-PE,oxo-PE
G3_N2_img6.jpeg,oxo-PE,oxo-PE
G3_N2_img60.jpeg,oxo-PE,oxo-PE
G3_N2_img61.jpeg,oxo-PE,oxo-PE
G3_N2_img62.jpeg,oxo-PE,oxo-PE
G3_N2_img63.jpeg,oxo-PE,oxo-PE
G3_N2_img64.jpeg,oxo-PE,oxo-PE
G3_N2_img65.jpeg,oxo-PE,oxo-PE
G3_N2_img66.jpeg,oxo-PE,oxo-PE
G3_N2_img67.jpeg,oxo-PE,oxo-PE
G3_N2_img68.jpeg,oxo-PE,oxo-PE
G3_N2_img69.jpeg,oxo-PE,oxo-PE
G3_N2_img7.jpeg,oxo-PE,oxo-PE
G3_N2_img70.jpeg,oxo-PE,oxo-PE
G3_N2_img71.jpeg,oxo-PE,oxo-PE
G3_N2_img72.jpeg,oxo-PE,oxo-PE
G3_N2_img73.jpeg,oxo-PE,oxo-PE
G3_N2_img74.jpeg,oxo-PE,oxo-PE
G3_N2_img75.jpeg,oxo-PE,oxo-PE
G3_N2_img76.jpeg,oxo-PE,oxo-PE
G3_N2_img77.jpeg,oxo-PE,oxo-PE
G3_N2_img78.jpeg,oxo-PE,oxo-PE
G3_N2_img79.jpeg,oxo-PE,oxo-PE
G3_N2_img8.jpeg,oxo-PE,oxo-PE
G3_N2_img80.jpeg,oxo-PE,oxo-PE
G3_N2_img81.jpeg,oxo-PE,oxo-PE
G3_N2_img82.jpeg,oxo-PE,oxo-PE
G3_N2_img83.jpeg,oxo-PE,oxo-PE
G3_N2_img84.jpeg,oxo-PE,oxo-PE
G3_N2_img85.jpeg,oxo-PE,oxo-PE
G3_N2_img86.jpeg,oxo-PE,oxo-PE
G3_N2_img87.jpeg,oxo-PE,oxo-PE
G3_N2_img88.jpeg,oxo-PE,oxo-PE
G3_N2_img89.jpeg,oxo-PE,oxo-PE
G3_N2_img9.jpeg,oxo-PE,oxo-PE
G3_N2_img90.jpeg,oxo-PE,oxo-PE
G3_N2_img91.jpeg,oxo-PE,oxo-PE
G3_N2_img92.jpeg,oxo-PE,oxo-PE
G3_N2_img93.jpeg,oxo-PE,oxo-PE
G3_N2_img94.jpeg,oxo-PE,oxo-PE
G3_N2_img95.jpeg,oxo-PE,oxo-PE
G3_N2_img96.jpeg,oxo-PE,oxo-PE
G3_N2_img97.jpeg,oxo-PE,oxo-PE
G3_N2_img98.jpeg,oxo-PE,oxo-PE
G3_N2_img99.jpeg,oxo-PE,oxo-PE
T12_N2_img1.jpeg,oxo-PE,oxo-PE
T12_N2_img10.jpeg,oxo-PE,oxo-PE
T12_N2_img100.jpeg,oxo-PE,oxo-PE
T12_N2_img101.jpeg,oxo-PE,oxo-PE
T12_N2_img102.jpeg,oxo-PE,oxo-PE
T12_N2_img103.jpeg,oxo-PE,oxo-PE
T12_N2_img104.jpeg,oxo-PE,oxo-PE
T12_N2_img105.jpeg,oxo-PE,oxo-PE
T12_N2_img106.jpeg,oxo-PE,oxo-PE
T12_N2_img107.jpeg,oxo-PE,oxo-PE
T12_N2_img108.jpeg,oxo-PE,oxo-PE
T12_N2_img109.jpeg,oxo-PE,oxo-PE
T12_N2_img11.jpeg,oxo-PE,oxo-PE
T12_N2_img110.jpeg,oxo-PE,oxo-PE
T12_N2_img111.jpeg,oxo-PE,oxo-PE
T12_N2_img112.jpeg,oxo-PE,oxo-PE
T12_N2_img113.jpeg,oxo-PE,oxo-PE
T12_N2_img114.jpeg,oxo-PE,oxo-PE
T12_N2_img115.jpeg,oxo-PE,oxo-PE
T12_N2_img116.jpeg,oxo-PE,oxo-PE
T12_N2_img117.jpeg,oxo-PE,oxo-PE
T12_N2_img118.jpeg,oxo-PE,oxo-PE
T12_N2_img119.jpeg,oxo-PE,oxo-PE
T12_N2_img12.jpeg,oxo-PE,oxo-PE
T12_N2_img120.jpeg,oxo-PE,oxo-PE
T12_N2_img13.jpeg,oxo-PE,oxo-PE
T12_N2_img14.jpeg,oxo-PE,oxo-PE
T12_N2_img15.jpeg,oxo-PE,oxo-PE
T12_N2_img16.jpeg,oxo-PE,oxo-PE
T12_N2_img17.jpeg,oxo-PE,oxo-PE
T12_N2_img18.jpeg,oxo-PE,oxo-PE
T12_N2_img19.jpeg,oxo-PE,oxo-PE
T12_N2_img2.jpeg,oxo-PE,oxo-PE
T12_N2_img20.jpeg,oxo-PE,oxo-PE
T12_N2_img21.jpeg,oxo-PE,oxo-PE
T12_N2_img22.jpeg,oxo-PE,oxo-PE
T12_N2_img23.jpeg,oxo-PE,oxo-PE
T12_N2_img24.jpeg,oxo-PE,oxo-PE
T12_N2_img25.jpeg,oxo-PE,oxo-PE
T12_N2_img26.jpeg,oxo-PE,oxo-PE
T12_N2_img27.jpeg,oxo-PE,oxo-PE
T12_N2_img28.jpeg,oxo-PE,oxo-PE
T12_N2_img29.jpeg,oxo-PE,oxo-PE
T12_N2_img3.jpeg,oxo-PE,oxo-PE
T12_N2_img30.jpeg,oxo-PE,oxo-PE
T12_N2_img31.jpeg,oxo-PE,oxo-PE
T12_N2_img32.jpeg,oxo-PE,oxo-PE
T12_N2_img33.jpeg,oxo-PE,oxo-PE
T12_N2_img34.jpeg,oxo-PE,oxo-PE
T12_N2_img35.jpeg,oxo-PE,oxo-PE
T12_N2_img36.jpeg,oxo-PE,oxo-PE
T12_N2_img37.jpeg,oxo-PE,oxo-PE
T12_N2_img38.jpeg,oxo-PE,oxo-PE
T12_N2_img39.jpeg,oxo-PE,oxo-PE
T12_N2_img4.jpeg,oxo-PE,oxo-PE
T12_N2_img40.jpeg,oxo-PE,oxo-PE
T12_N2_img41.jpeg,oxo-PE,oxo-PE
T12_N2_img42.jpeg,oxo-PE,oxo-PE
T12_N2_img43.jpeg,oxo-PE,oxo-PE
T12_N2_img44.jpeg,oxo-PE,oxo-PE
T12_N2_img45.jpeg,oxo-PE,oxo-PE
T12_N2_img46.jpeg,oxo-PE,oxo-PE
T12_N2_img47.jpeg,oxo-PE,oxo-PE
T12_N2_img48.jpeg,oxo-PE,oxo-PE
T12_N2_img49.jpeg,oxo-PE,oxo-PE
T12_N2_img5.jpeg,oxo-PE,oxo-PE
T12_N2_img50.jpeg,oxo-PE,oxo-PE
T12_N2_img51.jpeg,oxo-PE,oxo-PE
T12_N2_img52.jpeg,oxo-PE,oxo-PE
T12_N2_img53.jpeg,oxo-PE,oxo-PE
T12_N2_img54.jpeg,oxo-PE,oxo-PE
T12_N2_img55.jpeg,oxo-PE,oxo-PE
T12_N2_img56.jpeg,oxo-PE,oxo-PE
T12_N2_img57.jpeg,oxo-PE,oxo-PE
T12_N2_img58.jpeg,oxo-PE,oxo-PE
T12_N2_img59.jpeg,oxo-PE,oxo-PE
T12_N2_img6.jpeg,oxo-PE,oxo-PE
T12_N2_img60.jpeg,oxo-PE,oxo-PE
T12_N2_img61.jpeg,oxo-PE,oxo-PE
T12_N2_img62.jpeg,oxo-PE,oxo-PE
T12_N2_img63.jpeg,oxo-PE,oxo-PE
T12_N2_img64.jpeg,oxo-PE,oxo-PE
T12_N2_img65.jpeg,oxo-PE,oxo-PE
T12_N2_img66.jpeg,oxo-PE,oxo-PE
T12_N2_img67.jpeg,oxo-PE,oxo-PE
T12_N2_img68.jpeg,oxo-PE,oxo-PE
T12_N2_img69.jpeg,oxo-PE,oxo-PE
T12_N2_img7.jpeg,oxo-PE,oxo-PE
T12_N2_img70.jpeg,oxo-PE,oxo-PE
T12_N2_img71.jpeg,oxo-PE,oxo-PE
T12_N2_img72.jpeg,oxo-PE,oxo-PE
T12_N2_img73.jpeg,oxo-PE,oxo-PE
T12_N2_img74.jpeg,oxo-PE,oxo-PE
T12_N2_img75.jpeg,oxo-PE,oxo-PE
T12_N2_img76.jpeg,oxo-PE,oxo-PE
T12_N2_img77.jpeg,oxo-PE,oxo-PE
T12_N2_img78.jpeg,oxo-PE,oxo-PE
T12_N2_img79.jpeg,oxo-PE,oxo-PE
T12_N2_img8.jpeg,oxo-PE,oxo-PE
T12_N2_img80.jpeg,oxo-PE,oxo-PE
T12_N2_img81.jpeg,oxo-PE,oxo-PE
T12_N2_img82.jpeg,oxo-PE,oxo-PE
T12_N2_img83.jpeg,oxo-PE,oxo-PE
T12_N2_img84.jpeg,oxo-PE,oxo-PE
T12_N2_img85.jpeg,oxo-PE,oxo-PE
T12_N2_img86.jpeg,oxo-PE,oxo-PE
T12_N2_img87.jpeg,oxo-PE,oxo-PE
T12_N2_img88.jpeg,oxo-PE,oxo-PE
T12_N2_img89.jpeg,oxo-PE,oxo-PE
T12_N2_img9.jpeg,oxo-PE,oxo-PE
T12_N2_img90.jpeg,oxo-PE,oxo-PE
T12_N2_img91.jpeg,oxo-PE,oxo-PE
T12_N2_img92.jpeg,oxo-PE,oxo-PE
T12_N2_img93.jpeg,oxo-PE,oxo-PE
T12_N2_img94.jpeg,oxo-PE,oxo-PE
T12_N2_img95.jpeg,oxo-PE,oxo-PE
T12_N2_img96.jpeg,oxo-PE,oxo-PE
T12_N2_img97.jpeg,oxo-PE,oxo-PE
T12_N2_img98.jpeg,oxo-PE,oxo-PE
T12_N2_img99.jpeg,oxo-PE,oxo-PE
T3_N2_img1.jpeg,oxo-PE,oxo-PE
T3_N2_img10.jpeg,oxo-PE,oxo-PE
T3_N2_img100.jpeg,oxo-PE,oxo-PE
T3_N2_img101.jpeg,oxo-PE,oxo-PE
T3_N2_img102.jpeg,oxo-PE,oxo-PE
T3_N2_img103.jpeg,oxo-PE,oxo-PE
T3_N2_img104.jpeg,oxo-PE,oxo-PE
T3_N2_img105.jpeg,oxo-PE,oxo-PE
T3_N2_img106.jpeg,oxo-PE,oxo-PE
T3_N2_img107.jpeg,oxo-PE,oxo-PE
T3_N2_img108.jpeg,oxo-PE,oxo-PE
T3_N2_img109.jpeg,oxo-PE,oxo-PE
T3_N2_img11.jpeg,oxo-PE,oxo-PE
T3_N2_img110.jpeg,oxo-PE,oxo-PE
T3_N2_img111.jpeg,oxo-PE,oxo-PE
T3_N2_img112.jpeg,oxo-PE,oxo-PE
T3_N2_img113.jpeg,oxo-PE,oxo-PE
T3_N2_img114.jpeg,oxo-PE,oxo-PE
T3_N2_img115.jpeg,oxo-PE,oxo-PE
T3_N2_img116.jpeg,oxo-PE,oxo-PE
T3_N2_img117.jpeg,oxo-PE,oxo-PE
T3_N2_img118.jpeg,oxo-PE,oxo-PE
T3_N2_img119.jpeg,oxo-PE,oxo-PE
T3_N2_img12.jpeg,oxo-PE,oxo-PE
T3_N2_img120.jpeg,oxo-PE,oxo-PE
T3_N2_img121.jpeg,oxo-PE,oxo-PE
T3_N2_img13.jpeg,oxo-PE,oxo-PE
T3_N2_img14.jpeg,oxo-PE,oxo-PE
T3_N2_img15.jpeg,oxo-PE,oxo-PE
T3_N2_img16.jpeg,oxo-PE,oxo-PE
T3_N2_img17.jpeg,oxo-PE,oxo-PE
T3_N2_img18.jpeg,oxo-PE,oxo-PE
T3_N2_img19.jpeg,oxo-PE,oxo-PE
T3_N2_img2.jpeg,oxo-PE,oxo-PE
T3_N2_img20.jpeg,oxo-PE,oxo-PE
T3_N2_img21.jpeg,oxo-PE,oxo-PE
T3_N2_img22.jpeg,oxo-PE,oxo-PE
T3_N2_img23.jpeg,oxo-PE,oxo-PE
T3_N2_img24.jpeg,oxo-PE,oxo-PE
T3_N2_img25.jpeg,oxo-PE,oxo-PE
T3_N2_img26.jpeg,oxo-PE,oxo-PE
T3_N2_img27.jpeg,oxo-PE,oxo-PE
T3_N2_img28.jpeg,oxo-PE,oxo-PE
T3_N2_img29.jpeg,oxo-PE,oxo-PE
T3_N2_img3.jpeg,oxo-PE,oxo-PE
T3_N2_img30.jpeg,oxo-PE,oxo-PE
T3_N2_img31.jpeg,oxo-PE,oxo-PE
T3_N2_img32.jpeg,oxo-PE,oxo-PE
T3_N2_img33.jpeg,oxo-PE,oxo-PE
T3_N2_img34.jpeg,oxo-PE,oxo-PE
T3_N2_img35.jpeg,oxo-PE,oxo-PE
T3_N2_img36.jpeg,oxo-PE,oxo-PE
T3_N2_img37.jpeg,oxo-PE,oxo-PE
T3_N2_img38.jpeg,oxo-PE,oxo-PE
T3_N2_img39.jpeg,oxo-PE,oxo-PE
T3_N2_img4.jpeg,oxo-PE,oxo-PE
T3_N2_img40.jpeg,oxo-PE,oxo-PE
T3_N2_img41.jpeg,oxo-PE,oxo-PE
T3_N2_img42.jpeg,oxo-PE,oxo-PE
T3_N2_img43.jpeg,oxo-PE,oxo-PE
T3_N2_img44.jpeg,oxo-PE,oxo-PE
T3_N2_img45.jpeg,oxo-PE,oxo-PE
T3_N2_img46.jpeg,oxo-PE,oxo-PE
T3_N2_img47.jpeg,oxo-PE,oxo-PE
T3_N2_img48.jpeg,oxo-PE,oxo-PE
T3_N2_img49.jpeg,oxo-PE,oxo-PE
T3_N2_img5.jpeg,oxo-PE,oxo-PE
T3_N2_img50.jpeg,oxo-PE,oxo-PE
T3_N2_img51.jpeg,oxo-PE,oxo-PE
T3_N2_img52.jpeg,oxo-PE,oxo-PE
T3_N2_img53.jpeg,oxo-PE,oxo-PE
T3_N2_img54.jpeg,oxo-PE,oxo-PE
T3_N2_img55.jpeg,oxo-PE,oxo-PE
T3_N2_img56.jpeg,oxo-PE,oxo-PE
T3_N2_img57.jpeg,oxo-PE,oxo-PE
T3_N2_img58.jpeg,oxo-PE,oxo-PE
T3_N2_img59.jpeg,oxo-PE,oxo-PE
T3_N2_img6.jpeg,oxo-PE,oxo-PE
T3_N2_img60.jpeg,oxo-PE,oxo-PE
T3_N2_img61.jpeg,oxo-PE,oxo-PE
T3_N2_img62.jpeg,oxo-PE,oxo-PE
T3_N2_img63.jpeg,oxo-PE,oxo-PE
T3_N2_img64.jpeg,oxo-PE,oxo-PE
T3_N2_img65.jpeg,oxo-PE,oxo-PE
T3_N2_img66.jpeg,oxo-PE,oxo-PE
T3_N2_img67.jpeg,oxo-PE,oxo-PE
T3_N2_img68.jpeg,oxo-PE,oxo-PE
T3_N2_img69.jpeg,oxo-PE,oxo-PE
T3_N2_img7.jpeg,oxo-PE,oxo-PE
T3_N2_img70.jpeg,oxo-PE,oxo-PE
T3_N2_img71.jpeg,oxo-PE,oxo-PE
T3_N2_img72.jpeg,oxo-PE,oxo-PE
T3_N2_img73.jpeg,oxo-PE,oxo-PE
T3_N2_img74.jpeg,oxo-PE,oxo-PE
T3_N2_img75.jpeg,oxo-PE,oxo-PE
T3_N2_img76.jpeg,oxo-PE,oxo-PE
T3_N2_img77.jpeg,oxo-PE,oxo-PE
T3_N2_img78.jpeg,oxo-PE,oxo-PE
T3_N2_img79.jpeg,oxo-PE,oxo-PE
T3_N2_img8.jpeg,oxo-PE,oxo-PE
T3_N2_img80.jpeg,oxo-PE,oxo-PE
T3_N2_img81.jpeg,oxo-PE,oxo-PE
T3_N2_img82.jpeg,oxo-PE,oxo-PE
T3_N2_img83.jpeg,oxo-PE,oxo-PE
T3_N2_img84.jpeg,oxo-PE,oxo-PE
T3_N2_img85.jpeg,oxo-PE,oxo-PE
T3_N2_img86.jpeg,oxo-PE,oxo-PE
T3_N2_img87.jpeg,oxo-PE,oxo-PE
T3_N2_img88.jpeg,oxo-PE,oxo-PE
T3_N2_img89.jpeg,oxo-PE,oxo-PE
T3_N2_img9.jpeg,oxo-PE,oxo-PE
T3_N2_img90.jpeg,oxo-PE,oxo-PE
T3_N2_img91.jpeg,oxo-PE,oxo-PE
T3_N2_img92.jpeg,oxo-PE,oxo-PE
T3_N2_img93.jpeg,oxo-PE,oxo-PE
T3_N2_img94.jpeg,oxo-PE,oxo-PE
T3_N2_img95.jpeg,oxo-PE,oxo-PE
T3_N2_img96.jpeg,oxo-PE,oxo-PE
T3_N2_img97.jpeg,oxo-PE,oxo-PE
T3_N2_img98.jpeg,oxo-PE,oxo-PE
T3_N2_img99.jpeg,oxo-PE,oxo-PE
D1_N10_img1.jpeg,uv-PE,uv-PE
D1_N10_img10.jpeg,uv-PE,uv-PE
D1_N10_img100.jpeg,uv-PE,LDPE
D1_N10_img101.jpeg,uv-PE,LDPE
D1_N10_img102.jpeg,uv-PE,LDPE
D1_N10_img103.jpeg,uv-PE,uv-PE
D1_N10_img104.jpeg,uv-PE,uv-PE
D1_N10_img105.jpeg,uv-PE,uv-PE
D1_N10_img106.jpeg,uv-PE,uv-PE
D1_N10_img107.jpeg,uv-PE,uv-PE
D1_N10_img108.jpeg,uv-PE,uv-PE
D1_N10_img109.jpeg,uv-PE,uv-PE
D1_N10_img11.jpeg,uv-PE,uv-PE
D1_N10_img110.jpeg,uv-PE,uv-PE
D1_N10_img111.jpeg,uv-PE,uv-PE
D1_N10_img112.jpeg,uv-PE,uv-PE
D1_N10_img113.jpeg,uv-PE,uv-PE
D1_N10_img114.jpeg,uv-PE,uv-PE
D1_N10_img115.jpeg,uv-PE,uv-PE
D1_N10_img116.jpeg,uv-PE,uv-PE
D1_N10_img117.jpeg,uv-PE,uv-PE
D1_N10_img118.jpeg,uv-PE,PLA
D1_N10_img119.jpeg,uv-PE,LDPE
D1_N10_img12.jpeg,uv-PE,uv-PE
D1_N10_img120.jpeg,uv-PE,uv-PE
D1_N10_img13.jpeg,uv-PE,uv-PE
D1_N10_img14.jpeg,uv-PE,uv-PE
D1_N10_img15.jpeg,uv-PE,uv-PE
D1_N10_img16.jpeg,uv-PE,uv-PE
D1_N10_img17.jpeg,uv-PE,uv-PE
D1_N10_img18.jpeg,uv-PE,uv-PE
D1_N10_img19.jpeg,uv-PE,uv-PE
D1_N10_img2.jpeg,uv-PE,uv-PE
D1_N10_img20.jpeg,uv-PE,uv-PE
D1_N10_img21.jpeg,uv-PE,uv-PE
D1_N10_img22.jpeg,uv-PE,uv-PE
D1_N10_img23.jpeg,uv-PE,uv-PE
D1_N10_img24.jpeg,uv-PE,uv-PE
D1_N10_img25.jpeg,uv-PE,uv-PE
D1_N10_img26.jpeg,uv-PE,uv-PE
D1_N10_img27.jpeg,uv-PE,uv-PE
D1_N10_img28.jpeg,uv-PE,uv-PE
D1_N10_img29.jpeg,uv-PE,uv-PE
D1_N10_img3.jpeg,uv-PE,uv-PE
D1_N10_img30.jpeg,uv-PE,uv-PE
D1_N10_img31.jpeg,uv-PE,uv-PE
D1_N10_img32.jpeg,uv-PE,uv-PE
D1_N10_img33.jpeg,uv-PE,uv-PE
D1_N10_img34.jpeg,uv-PE,uv-PE
D1_N10_img35.jpeg,uv-PE,uv-PE
D1_N10_img36.jpeg,uv-PE,uv-PE
D1_N10_img37.jpeg,uv-PE,uv-PE
D1_N10_img38.jpeg,uv-PE,uv-PE
D1_N10_img39.jpeg,uv-PE,uv-PE
D1_N10_img4.jpeg,uv-PE,uv-PE
D1_N10_img40.jpeg,uv-PE,uv-PE
D1_N10_img41.jpeg,uv-PE,uv-PE
D1_N10_img42.jpeg,uv-PE,uv-PE
D1_N10_img43.jpeg,uv-PE,uv-PE
D1_N10_img44.jpeg,uv-PE,uv-PE
D1_N10_img45.jpeg,uv-PE,uv-PE
D1_N10_img46.jpeg,uv-PE,uv-PE
D1_N10_img47.jpeg,uv-PE,uv-PE
D1_N10_img48.jpeg,uv-PE,uv-PE
D1_N10_img49.jpeg,uv-PE,uv-PE
D1_N10_img5.jpeg,uv-PE,uv-PE
D1_N10_img50.jpeg,uv-PE,uv-PE
D1_N10_img51.jpeg,uv-PE,uv-PE
D1_N10_img52.jpeg,uv-PE,uv-PE
D1_N10_img53.jpeg,uv-PE,uv-PE
D1_N10_img54.jpeg,uv-PE,uv-PE
D1_N10_img55.jpeg,uv-PE,uv-PE
D1_N10_img56.jpeg,uv-PE,uv-PE
D1_N10_img57.jpeg,uv-PE,uv-PE
D1_N10_img58.jpeg,uv-PE,uv-PE
D1_N10_img59.jpeg,uv-PE,uv-PE
D1_N10_img6.jpeg,uv-PE,uv-PE
D1_N10_img60.jpeg,uv-PE,uv-PE
D1_N10_img61.jpeg,uv-PE,uv-PE
D1_N10_img62.jpeg,uv-PE,uv-PE
D1_N10_img63.jpeg,uv-PE,uv-PE
D1_N10_img64.jpeg,uv-PE,uv-PE
D1_N10_img65.jpeg,uv-PE,uv-PE
D1_N10_img66.jpeg,uv-PE,uv-PE
D1_N10_img67.jpeg,uv-PE,uv-PE
D1_N10_img68.jpeg,uv-PE,uv-PE
D1_N10_img69.jpeg,uv-PE,uv-PE
D1_N10_img7.jpeg,uv-PE,LDPE
D1_N10_img70.jpeg,uv-PE,uv-PE
D1_N10_img71.jpeg,uv-PE,uv-PE
D1_N10_img72.jpeg,uv-PE,uv-PE
D1_N10_img73.jpeg,uv-PE,uv-PE
D1_N10_img74.jpeg,uv-PE,uv-PE
D1_N10_img75.jpeg,uv-PE,uv-PE
D1_N10_img76.jpeg,uv-PE,uv-PE
D1_N10_img77.jpeg,uv-PE,uv-PE
D1_N10_img78.jpeg,uv-PE,uv-PE
D1_N10_img79.jpeg,uv-PE,uv-PE
D1_N10_img8.jpeg,uv-PE,uv-PE
D1_N10_img80.jpeg,uv-PE,uv-PE
D1_N10_img81.jpeg,uv-PE,uv-PE
D1_N10_img82.jpeg,uv-PE,PLA
D1_N10_img83.jpeg,uv-PE,uv-PE
D1_N10_img84.jpeg,uv-PE,uv-PE
D1_N10_img85.jpeg,uv-PE,uv-PE
D1_N10_img86.jpeg,uv-PE,uv-PE
D1_N10_img87.jpeg,uv-PE,uv-PE
D1_N10_img88.jpeg,uv-PE,uv-PE
D1_N10_img89.jpeg,uv-PE,uv-PE
D1_N10_img9.jpeg,uv-PE,uv-PE
D1_N10_img90.jpeg,uv-PE,uv-PE
D1_N10_img91.jpeg,uv-PE,uv-PE
D1_N10_img92.jpeg,uv-PE,LDPE
D1_N10_img93.jpeg,uv-PE,LDPE
D1_N10_img94.jpeg,uv-PE,uv-PE
D1_N10_img95.jpeg,uv-PE,LDPE
D1_N10_img96.jpeg,uv-PE,LDPE
D1_N10_img97.jpeg,uv-PE,PP
D1_N10_img98.jpeg,uv-PE,LDPE
D1_N10_img99.jpeg,uv-PE,uv-PE
D8_N10_img1.jpeg,uv-PE,LDPE
D8_N10_img10.jpeg,uv-PE,uv-PE
D8_N10_img100.jpeg,uv-PE,PLA
D8_N10_img101.jpeg,uv-PE,uv-PE
D8_N10_img102.jpeg,uv-PE,PLA
D8_N10_img103.jpeg,uv-PE,uv-PE
D8_N10_img104.jpeg,uv-PE,uv-PE
D8_N10_img105.jpeg,uv-PE,uv-PE
D8_N10_img106.jpeg,uv-PE,uv-PE
D8_N10_img107.jpeg,uv-PE,uv-PE
D8_N10_img108.jpeg,uv-PE,uv-PE
D8_N10_img109.jpeg,uv-PE,uv-PE
D8_N10_img11.jpeg,uv-PE,uv-PE
D8_N10_img110.jpeg,uv-PE,uv-PE
D8_N10_img111.jpeg,uv-PE,uv-PE
D8_N10_img112.jpeg,uv-PE,uv-PE
D8_N10_img113.jpeg,uv-PE,uv-PE
D8_N10_img114.jpeg,uv-PE,uv-PE
D8_N10_img115.jpeg,uv-PE,uv-PE
D8_N10_img116.jpeg,uv-PE,uv-PE
D8_N10_img117.jpeg,uv-PE,uv-PE
D8_N10_img118.jpeg,uv-PE,uv-PE
D8_N10_img119.jpeg,uv-PE,uv-PE
D8_N10_img12.jpeg,uv-PE,PS
D8_N10_img120.jpeg,uv-PE,uv-PE
D8_N10_img121.jpeg,uv-PE,uv-PE
D8_N10_img13.jpeg,uv-PE,PS
D8_N10_img14.jpeg,uv-PE,PS
D8_N10_img15.jpeg,uv-PE,PS
D8_N10_img16.jpeg,uv-PE,PS
D8_N10_img17.jpeg,uv-PE,PS
D8_N10_img18.jpeg,uv-PE,PS
D8_N10_img19.jpeg,uv-PE,PS
D8_N10_img2.jpeg,uv-PE,uv-PE
D8_N10_img20.jpeg,uv-PE,PS
D8_N10_img21.jpeg,uv-PE,PS
D8_N10_img22.jpeg,uv-PE,PS
D8_N10_img23.jpeg,uv-PE,PS
D8_N10_img24.jpeg,uv-PE,PS
D8_N10_img25.jpeg,uv-PE,PS
D8_N10_img26.jpeg,uv-PE,PS
D8_N10_img27.jpeg,uv-PE,PS
D8_N10_img28.jpeg,uv-PE,uv-PE
D8_N10_img29.jpeg,uv-PE,uv-PE
D8_N10_img3.jpeg,uv-PE,uv-PE
D8_N10_img30.jpeg,uv-PE,uv-PE
D8_N10_img31.jpeg,uv-PE,uv-PE
D8_N10_img32.jpeg,uv-PE,uv-PE
D8_N10_img33.jpeg,uv-PE,uv-PE
D8_N10_img34.jpeg,uv-PE,uv-PE
D8_N10_img35.jpeg,uv-PE,uv-PE
D8_N10_img36.jpeg,uv-PE,LDPE
D8_N10_img37.jpeg,uv-PE,uv-PE
D8_N10_img38.jpeg,uv-PE,uv-PE
D8_N10_img39.jpeg,uv-PE,uv-PE
D8_N10_img4.jpeg,uv-PE,LDPE
D8_N10_img40.jpeg,uv-PE,uv-PE
D8_N10_img41.jpeg,uv-PE,uv-PE
D8_N10_img42.jpeg,uv-PE,uv-PE
D8_N10_img43.jpeg,uv-PE,uv-PE
D8_N10_img44.jpeg,uv-PE,uv-PE
D8_N10_img45.jpeg,uv-PE,uv-PE
D8_N10_img46.jpeg,uv-PE,uv-PE
D8_N10_img47.jpeg,uv-PE,uv-PE
D8_N10_img48.jpeg,uv-PE,uv-PE
D8_N10_img49.jpeg,uv-PE,uv-PE
D8_N10_img5.jpeg,uv-PE,uv-PE
D8_N10_img50.jpeg,uv-PE,uv-PE
D8_N10_img51.jpeg,uv-PE,uv-PE
D8_N10_img52.jpeg,uv-PE,uv-PE
D8_N10_img53.jpeg,uv-PE,uv-PE
D8_N10_img54.jpeg,uv-PE,PS
D8_N10_img55.jpeg,uv-PE,PS
D8_N10_img56.jpeg,uv-PE,PS
D8_N10_img57.jpeg,uv-PE,oxo-PE
D8_N10_img58.jpeg,uv-PE,uv-PE
D8_N10_img59.jpeg,uv-PE,oxo-PE
D8_N10_img6.jpeg,uv-PE,uv-PE
D8_N10_img60.jpeg,uv-PE,oxo-PE
D8_N10_img61.jpeg,uv-PE,PS
D8_N10_img62.jpeg,uv-PE,PS
D8_N10_img63.jpeg,uv-PE,uv-PE
D8_N10_img64.jpeg,uv-PE,uv-PE
D8_N10_img65.jpeg,uv-PE,uv-PE
D8_N10_img66.jpeg,uv-PE,uv-PE
D8_N10_img67.jpeg,uv-PE,uv-PE
D8_N10_img68.jpeg,uv-PE,uv-PE
D8_N10_img69.jpeg,uv-PE,uv-PE
D8_N10_img7.jpeg,uv-PE,uv-PE
D8_N10_img70.jpeg,uv-PE,PP
D8_N10_img71.jpeg,uv-PE,uv-PE
D8_N10_img72.jpeg,uv-PE,uv-PE
D8_N10_img73.jpeg,uv-PE,uv-PE
D8_N10_img74.jpeg,uv-PE,uv-PE
D8_N10_img75.jpeg,uv-PE,uv-PE
D8_N10_img76.jpeg,uv-PE,uv-PE
D8_N10_img77.jpeg,uv-PE,uv-PE
D8_N10_img78.jpeg,uv-PE,uv-PE
D8_N10_img79.jpeg,uv-PE,uv-PE
D8_N10_img8.jpeg,uv-PE,uv-PE
D8_N10_img80.jpeg,uv-PE,uv-PE
D8_N10_img81.jpeg,uv-PE,uv-PE
D8_N10_img82.jpeg,uv-PE,uv-PE
D8_N10_img83.jpeg,uv-PE,uv-PE
D8_N10_img84.jpeg,uv-PE,uv-PE
D8_N10_img85.jpeg,uv-PE,uv-PE
D8_N10_img86.jpeg,uv-PE,uv-PE
D8_N10_img87.jpeg,uv-PE,uv-PE
D8_N10_img88.jpeg,uv-PE,uv-PE
D8_N10_img89.jpeg,uv-PE,PP
D8_N10_img9.jpeg,uv-PE,uv-PE
D8_N10_img90.jpeg,uv-PE,uv-PE
D8_N10_img91.jpeg,uv-PE,uv-PE
D8_N10_img92.jpeg,uv-PE,uv-PE
D8_N10_img93.jpeg,uv-PE,uv-PE
D8_N10_img94.jpeg,uv-PE,uv-PE
D8_N10_img95.jpeg,uv-PE,uv-PE
D8_N10_img96.jpeg,uv-PE,uv-PE
D8_N10_img97.jpeg,uv-PE,uv-PE
D8_N10_img98.jpeg,uv-PE,uv-PE
D8_N10_img99.jpeg,uv-PE,uv-PE
G3_N10_img1.jpeg,uv-PE,uv-PE
G3_N10_img10.jpeg,uv-PE,uv-PE
G3_N10_img100.jpeg,uv-PE,uv-PE
G3_N10_img101.jpeg,uv-PE,uv-PE
G3_N10_img102.jpeg,uv-PE,uv-PE
G3_N10_img103.jpeg,uv-PE,uv-PE
G3_N10_img104.jpeg,uv-PE,uv-PE
G3_N10_img105.jpeg,uv-PE,uv-PE
G3_N10_img106.jpeg,uv-PE,uv-PE
G3_N10_img107.jpeg,uv-PE,uv-PE
G3_N10_img108.jpeg,uv-PE,uv-PE
G3_N10_img109.jpeg,uv-PE,uv-PE
G3_N10_img11.jpeg,uv-PE,uv-PE
G3_N10_img110.jpeg,uv-PE,uv-PE
G3_N10_img111.jpeg,uv-PE,uv-PE
G3_N10_img112.jpeg,uv-PE,uv-PE
G3_N10_img113.jpeg,uv-PE,uv-PE
G3_N10_img114.jpeg,uv-PE,uv-PE
G3_N10_img115.jpeg,uv-PE,uv-PE
G3_N10_img116.jpeg,uv-PE,uv-PE
G3_N10_img117.jpeg,uv-PE,uv-PE
G3_N10_img118.jpeg,uv-PE,uv-PE
G3_N10_img119.jpeg,uv-PE,uv-PE
G3_N10_img12.jpeg,uv-PE,uv-PE
G3_N10_img120.jpeg,uv-PE,uv-PE
G3_N10_img13.jpeg,uv-PE,uv-PE
G3_N10_img14.jpeg,uv-PE,uv-PE
G3_N10_img15.jpeg,uv-PE,uv-PE
G3_N10_img16.jpeg,uv-PE,uv-PE
G3_N10_img17.jpeg,uv-PE,uv-PE
G3_N10_img18.jpeg,uv-PE,uv-PE
G3_N10_img19.jpeg,uv-PE,uv-PE
G3_N10_img2.jpeg,uv-PE,uv-PE
G3_N10_img20.jpeg,uv-PE,uv-PE
G3_N10_img21.jpeg,uv-PE,uv-PE
G3_N10_img22.jpeg,uv-PE,uv-PE
G3_N10_img23.jpeg,uv-PE,uv-PE
G3_N10_img24.jpeg,uv-PE,uv-PE
G3_N10_img25.jpeg,uv-PE,uv-PE
G3_N10_img26.jpeg,uv-PE,uv-PE
G3_N10_img27.jpeg,uv-PE,uv-PE
G3_N10_img28.jpeg,uv-PE,uv-PE
G3_N10_img29.jpeg,uv-PE,uv-PE
G3_N10_img3.jpeg,uv-PE,uv-PE
G3_N10_img30.jpeg,uv-PE,uv-PE
G3_N10_img31.jpeg,uv-PE,uv-PE
G3_N10_img32.jpeg,uv-PE,uv-PE
G3_N10_img33.jpeg,uv-PE,uv-PE
G3_N10_img34.jpeg,uv-PE,uv-PE
G3_N10_img35.jpeg,uv-PE,uv-PE
G3_N10_img36.jpeg,uv-PE,uv-PE
G3_N10_img37.jpeg,uv-PE,uv-PE
G3_N10_img38.jpeg,uv-PE,uv-PE
G3_N10_img39.jpeg,uv-PE,uv-PE
G3_N10_img4.jpeg,uv-PE,uv-PE
G3_N10_img40.jpeg,uv-PE,uv-PE
G3_N10_img41.jpeg,uv-PE,uv-PE
G3_N10_img42.jpeg,uv-PE,uv-PE
G3_N10_img43.jpeg,uv-PE,uv-PE
G3_N10_img44.jpeg,uv-PE,uv-PE
G3_N10_img45.jpeg,uv-PE,uv-PE
G3_N10_img46.jpeg,uv-PE,uv-PE
G3_N10_img47.jpeg,uv-PE,uv-PE
G3_N10_img48.jpeg,uv-PE,uv-PE
G3_N10_img49.jpeg,uv-PE,uv-PE
G3_N10_img5.jpeg,uv-PE,uv-PE
G3_N10_img50.jpeg,uv-PE,uv-PE
G3_N10_img51.jpeg,uv-PE,uv-PE
G3_N10_img52.jpeg,uv-PE,uv-PE
G3_N10_img53.jpeg,uv-PE,uv-PE
G3_N10_img54.jpeg,uv-PE,uv-PE
G3_N10_img55.jpeg,uv-PE,uv-PE
G3_N10_img56.jpeg,uv-PE,uv-PE
G3_N10_img57.jpeg,uv-PE,uv-PE
G3_N10_img58.jpeg,uv-PE,uv-PE
G3_N10_img59.jpeg,uv-PE,uv-PE
G3_N10_img6.jpeg,uv-PE,uv-PE
G3_N10_img60.jpeg,uv-PE,uv-PE
G3_N10_img61.jpeg,uv-PE,uv-PE
G3_N10_img62.jpeg,uv-PE,uv-PE
G3_N10_img63.jpeg,uv-PE,uv-PE
G3_N10_img64.jpeg,uv-PE,uv-PE
G3_N10_img65.jpeg,uv-PE,uv-PE
G3_N10_img66.jpeg,uv-PE,uv-PE
G3_N10_img67.jpeg,uv-PE,uv-PE
G3_N10_img68.jpeg,uv-PE,uv-PE
G3_N10_img69.jpeg,uv-PE,uv-PE
G3_N10_img7.jpeg,uv-PE,uv-PE
G3_N10_img70.jpeg,uv-PE,uv-PE
G3_N10_img71.jpeg,uv-PE,uv-PE
G3_N10_img72.jpeg,uv-PE,uv-PE
G3_N10_img73.jpeg,uv-PE,uv-PE
G3_N10_img74.jpeg,uv-PE,uv-PE
G3_N10_img75.jpeg,uv-PE,uv-PE
G3_N10_img76.jpeg,uv-PE,uv-PE
G3_N10_img77.jpeg,uv-PE,uv-PE
G3_N10_img78.jpeg,uv-PE,uv-PE
G3_N10_img79.jpeg,uv-PE,uv-PE
G3_N10_img8.jpeg,uv-PE,uv-PE
G3_N10_img80.jpeg,uv-PE,uv-PE
G3_N10_img81.jpeg,uv-PE,uv-PE
G3_N10_img82.jpeg,uv-PE,uv-PE
G3_N10_img83.jpeg,uv-PE,PLA
G3_N10_img84.jpeg,uv-PE,uv-PE
G3_N10_img85.jpeg,uv-PE,uv-PE
G3_N10_img86.jpeg,uv-PE,uv-PE
G3_N10_img87.jpeg,uv-PE,uv-PE
G3_N10_img88.jpeg,uv-PE,uv-PE
G3_N10_img89.jpeg,uv-PE,uv-PE
G3_N10_img9.jpeg,uv-PE,uv-PE
G3_N10_img90.jpeg,uv-PE,uv-PE
G3_N10_img91.jpeg,uv-PE,uv-PE
G3_N10_img92.jpeg,uv-PE,uv-PE
G3_N10_img93.jpeg,uv-PE,uv-PE
G3_N10_img94.jpeg,uv-PE,uv-PE
G3_N10_img95.jpeg,uv-PE,uv-PE
G3_N10_img96.jpeg,uv-PE,uv-PE
G3_N10_img97.jpeg,uv-PE,uv-PE
G3_N10_img98.jpeg,uv-PE,uv-PE
G3_N10_img99.jpeg,uv-PE,uv-PE
T12_N10_img1.jpeg,uv-PE,uv-PE
T12_N10_img10.jpeg,uv-PE,uv-PE
T12_N10_img100.jpeg,uv-PE,LDPE
T12_N10_img101.jpeg,uv-PE,LDPE
T12_N10_img102.jpeg,uv-PE,uv-PE
T12_N10_img103.jpeg,uv-PE,uv-PE
T12_N10_img104.jpeg,uv-PE,LDPE
T12_N10_img105.jpeg,uv-PE,uv-PE
T12_N10_img106.jpeg,uv-PE,uv-PE
T12_N10_img107.jpeg,uv-PE,uv-PE
T12_N10_img108.jpeg,uv-PE,uv-PE
T12_N10_img109.jpeg,uv-PE,uv-PE
T12_N10_img11.jpeg,uv-PE,uv-PE
T12_N10_img110.jpeg,uv-PE,LDPE
T12_N10_img111.jpeg,uv-PE,uv-PE
T12_N10_img112.jpeg,uv-PE,LDPE
T12_N10_img113.jpeg,uv-PE,uv-PE
T12_N10_img114.jpeg,uv-PE,uv-PE
T12_N10_img115.jpeg,uv-PE,uv-PE
T12_N10_img116.jpeg,uv-PE,uv-PE
T12_N10_img117.jpeg,uv-PE,uv-PE
T12_N10_img118.jpeg,uv-PE,uv-PE
T12_N10_img119.jpeg,uv-PE,LDPE
T12_N10_img12.jpeg,uv-PE,uv-PE
T12_N10_img120.jpeg,uv-PE,uv-PE
T12_N10_img13.jpeg,uv-PE,uv-PE
T12_N10_img14.jpeg,uv-PE,uv-PE
T12_N10_img15.jpeg,uv-PE,uv-PE
T12_N10_img16.jpeg,uv-PE,uv-PE
T12_N10_img17.jpeg,uv-PE,uv-PE
T12_N10_img18.jpeg,uv-PE,uv-PE
T12_N10_img19.jpeg,uv-PE,uv-PE
T12_N10_img2.jpeg,uv-PE,uv-PE
T12_N10_img20.jpeg,uv-PE,uv-PE
T12_N10_img21.jpeg,uv-PE,uv-PE
T12_N10_img22.jpeg,uv-PE,uv-PE
T12_N10_img23.jpeg,uv-PE,uv-PE
T12_N10_img24.jpeg,uv-PE,uv-PE
T12_N10_img25.jpeg,uv-PE,uv-PE
T12_N10_img26.jpeg,uv-PE,uv-PE
T12_N10_img27.jpeg,uv-PE,uv-PE
T12_N10_img28.jpeg,uv-PE,uv-PE
T12_N10_img29.jpeg,uv-PE,uv-PE
T12_N10_img3.jpeg,uv-PE,uv-PE
T12_N10_img30.jpeg,uv-PE,uv-PE
T12_N10_img31.jpeg,uv-PE,uv-PE
T12_N10_img32.jpeg,uv-PE,uv-PE
T12_N10_img33.jpeg,uv-PE,uv-PE
T12_N10_img34.jpeg,uv-PE,uv-PE
T12_N10_img35.jpeg,uv-PE,uv-PE
T12_N10_img36.jpeg,uv-PE,uv-PE
T12_N10_img37.jpeg,uv-PE,uv-PE
T12_N10_img38.jpeg,uv-PE,uv-PE
T12_N10_img39.jpeg,uv-PE,uv-PE
T12_N10_img4.jpeg,uv-PE,uv-PE
T12_N10_img40.jpeg,uv-PE,uv-PE
T12_N10_img41.jpeg,uv-PE,uv-PE
T12_N10_img42.jpeg,uv-PE,uv-PE
T12_N10_img43.jpeg,uv-PE,uv-PE
T12_N10_img44.jpeg,uv-PE,uv-PE
T12_N10_img45.jpeg,uv-PE,uv-PE
T12_N10_img46.jpeg,uv-PE,uv-PE
T12_N10_img47.jpeg,uv-PE,uv-PE
T12_N10_img48.jpeg,uv-PE,uv-PE
T12_N10_img49.jpeg,uv-PE,uv-PE
T12_N10_img5.jpeg,uv-PE,uv-PE
T12_N10_img50.jpeg,uv-PE,uv-PE
T12_N10_img51.jpeg,uv-PE,uv-PE
T12_N10_img52.jpeg,uv-PE,uv-PE
T12_N10_img53.jpeg,uv-PE,uv-PE
T12_N10_img54.jpeg,uv-PE,uv-PE
T12_N10_img55.jpeg,uv-PE,uv-PE
T12_N10_img56.jpeg,uv-PE,uv-PE
T12_N10_img57.jpeg,uv-PE,uv-PE
T12_N10_img58.jpeg,uv-PE,uv-PE
T12_N10_img59.jpeg,uv-PE,uv-PE
T12_N10_img6.jpeg,uv-PE,uv-PE
T12_N10_img60.jpeg,uv-PE,uv-PE
T12_N10_img61.jpeg,uv-PE,LDPE
T12_N10_img62.jpeg,uv-PE,LDPE
T12_N10_img63.jpeg,uv-PE,LDPE
T12_N10_img64.jpeg,uv-PE,LDPE
T12_N10_img65.jpeg,uv-PE,uv-PE
T12_N10_img66.jpeg,uv-PE,LDPE
T12_N10_img67.jpeg,uv-PE,uv-PE
T12_N10_img68.jpeg,uv-PE,LDPE
T12_N10_img69.jpeg,uv-PE,LDPE
T12_N10_img7.jpeg,uv-PE,uv-PE
T12_N10_img70.jpeg,uv-PE,LDPE
T12_N10_img71.jpeg,uv-PE,LDPE
T12_N10_img72.jpeg,uv-PE,LDPE
T12_N10_img73.jpeg,uv-PE,uv-PE
T12_N10_img74.jpeg,uv-PE,uv-PE
T12_N10_img75.jpeg,uv-PE,LDPE
T12_N10_img76.jpeg,uv-PE,uv-PE
T12_N10_img77.jpeg,uv-PE,uv-PE
T12_N10_img78.jpeg,uv-PE,uv-PE
T12_N10_img79.jpeg,uv-PE,uv-PE
T12_N10_img8.jpeg,uv-PE,uv-PE
T12_N10_img80.jpeg,uv-PE,uv-PE
T12_N10_img81.jpeg,uv-PE,uv-PE
T12_N10_img82.jpeg,uv-PE,uv-PE
T12_N10_img83.jpeg,uv-PE,uv-PE
T12_N10_img84.jpeg,uv-PE,uv-PE
T12_N10_img85.jpeg,uv-PE,uv-PE
T12_N10_img86.jpeg,uv-PE,LDPE
T12_N10_img87.jpeg,uv-PE,uv-PE
T12_N10_img88.jpeg,uv-PE,uv-PE
T12_N10_img89.jpeg,uv-PE,uv-PE
T12_N10_img9.jpeg,uv-PE,uv-PE
T12_N10_img90.jpeg,uv-PE,uv-PE
T12_N10_img91.jpeg,uv-PE,LDPE
T12_N10_img92.jpeg,uv-PE,LDPE
T12_N10_img93.jpeg,uv-PE,LDPE
T12_N10_img94.jpeg,uv-PE,uv-PE
T12_N10_img95.jpeg,uv-PE,LDPE
T12_N10_img96.jpeg,uv-PE,LDPE
T12_N10_img97.jpeg,uv-PE,uv-PE
T12_N10_img98.jpeg,uv-PE,uv-PE
T12_N10_img99.jpeg,uv-PE,LDPE
T3_N10_img1.jpeg,uv-PE,uv-PE
T3_N10_img10.jpeg,uv-PE,uv-PE
T3_N10_img100.jpeg,uv-PE,uv-PE
T3_N10_img101.jpeg,uv-PE,uv-PE
T3_N10_img102.jpeg,uv-PE,uv-PE
T3_N10_img103.jpeg,uv-PE,uv-PE
T3_N10_img104.jpeg,uv-PE,uv-PE
T3_N10_img105.jpeg,uv-PE,uv-PE
T3_N10_img106.jpeg,uv-PE,uv-PE
T3_N10_img107.jpeg,uv-PE,uv-PE
T3_N10_img108.jpeg,uv-PE,uv-PE
T3_N10_img109.jpeg,uv-PE,uv-PE
T3_N10_img11.jpeg,uv-PE,uv-PE
T3_N10_img110.jpeg,uv-PE,uv-PE
T3_N10_img111.jpeg,uv-PE,PP
T3_N10_img112.jpeg,uv-PE,uv-PE
T3_N10_img113.jpeg,uv-PE,LDPE
T3_N10_img114.jpeg,uv-PE,LDPE
T3_N10_img115.jpeg,uv-PE,uv-PE
T3_N10_img116.jpeg,uv-PE,uv-PE
T3_N10_img117.jpeg,uv-PE,uv-PE
T3_N10_img118.jpeg,uv-PE,LDPE
T3_N10_img119.jpeg,uv-PE,LDPE
T3_N10_img12.jpeg,uv-PE,uv-PE
T3_N10_img120.jpeg,uv-PE,uv-PE
T3_N10_img121.jpeg,uv-PE,uv-PE
T3_N10_img13.jpeg,uv-PE,uv-PE
T3_N10_img14.jpeg,uv-PE,uv-PE
T3_N10_img15.jpeg,uv-PE,uv-PE
T3_N10_img16.jpeg,uv-PE,uv-PE
T3_N10_img17.jpeg,uv-PE,uv-PE
T3_N10_img18.jpeg,uv-PE,PLA
T3_N10_img19.jpeg,uv-PE,uv-PE
T3_N10_img2.jpeg,uv-PE,uv-PE
T3_N10_img20.jpeg,uv-PE,uv-PE
T3_N10_img21.jpeg,uv-PE,uv-PE
T3_N10_img22.jpeg,uv-PE,uv-PE
T3_N10_img23.jpeg,uv-PE,uv-PE
T3_N10_img24.jpeg,uv-PE,uv-PE
T3_N10_img25.jpeg,uv-PE,uv-PE
T3_N10_img26.jpeg,uv-PE,uv-PE
T3_N10_img27.jpeg,uv-PE,uv-PE
T3_N10_img28.jpeg,uv-PE,uv-PE
T3_N10_img29.jpeg,uv-PE,uv-PE
T3_N10_img3.jpeg,uv-PE,uv-PE
T3_N10_img30.jpeg,uv-PE,uv-PE
T3_N10_img31.jpeg,uv-PE,uv-PE
T3_N10_img32.jpeg,uv-PE,uv-PE
T3_N10_img33.jpeg,uv-PE,uv-PE
T3_N10_img34.jpeg,uv-PE,uv-PE
T3_N10_img35.jpeg,uv-PE,uv-PE
T3_N10_img36.jpeg,uv-PE,uv-PE
T3_N10_img37.jpeg,uv-PE,uv-PE
T3_N10_img38.jpeg,uv-PE,uv-PE
T3_N10_img39.jpeg,uv-PE,uv-PE
T3_N10_img4.jpeg,uv-PE,uv-PE
T3_N10_img40.jpeg,uv-PE,uv-PE
T3_N10_img41.jpeg,uv-PE,uv-PE
T3_N10_img42.jpeg,uv-PE,uv-PE
T3_N10_img43.jpeg,uv-PE,uv-PE
T3_N10_img44.jpeg,uv-PE,uv-PE
T3_N10_img45.jpeg,uv-PE,uv-PE
T3_N10_img46.jpeg,uv-PE,uv-PE
T3_N10_img47.jpeg,uv-PE,uv-PE
T3_N10_img48.jpeg,uv-PE,uv-PE
T3_N10_img49.jpeg,uv-PE,uv-PE
T3_N10_img5.jpeg,uv-PE,uv-PE
T3_N10_img50.jpeg,uv-PE,uv-PE
T3_N10_img51.jpeg,uv-PE,uv-PE
T3_N10_img52.jpeg,uv-PE,uv-PE
T3_N10_img53.jpeg,uv-PE,uv-PE
T3_N10_img54.jpeg,uv-PE,uv-PE
T3_N10_img55.jpeg,uv-PE,uv-PE
T3_N10_img56.jpeg,uv-PE,uv-PE
T3_N10_img57.jpeg,uv-PE,uv-PE
T3_N10_img58.jpeg,uv-PE,uv-PE
T3_N10_img59.jpeg,uv-PE,uv-PE
T3_N10_img6.jpeg,uv-PE,uv-PE
T3_N10_img60.jpeg,uv-PE,uv-PE
T3_N10_img61.jpeg,uv-PE,uv-PE
T3_N10_img62.jpeg,uv-PE,uv-PE
T3_N10_img63.jpeg,uv-PE,uv-PE
T3_N10_img64.jpeg,uv-PE,uv-PE
T3_N10_img65.jpeg,uv-PE,uv-PE
T3_N10_img66.jpeg,uv-PE,LDPE
T3_N10_img67.jpeg,uv-PE,uv-PE
T3_N10_img68.jpeg,uv-PE,uv-PE
T3_N10_img69.jpeg,uv-PE,uv-PE
T3_N10_img7.jpeg,uv-PE,uv-PE
T3_N10_img70.jpeg,uv-PE,uv-PE
T3_N10_img71.jpeg,uv-PE,uv-PE
T3_N10_img72.jpeg,uv-PE,uv-PE
T3_N10_img73.jpeg,uv-PE,uv-PE
T3_N10_img74.jpeg,uv-PE,uv-PE
T3_N10_img75.jpeg,uv-PE,uv-PE
T3_N10_img76.jpeg,uv-PE,uv-PE
T3_N10_img77.jpeg,uv-PE,uv-PE
T3_N10_img78.jpeg,uv-PE,uv-PE
T3_N10_img79.jpeg,uv-PE,uv-PE
T3_N10_img8.jpeg,uv-PE,PLA
T3_N10_img80.jpeg,uv-PE,uv-PE
T3_N10_img81.jpeg,uv-PE,uv-PE
T3_N10_img82.jpeg,uv-PE,uv-PE
T3_N10_img83.jpeg,uv-PE,uv-PE
T3_N10_img84.jpeg,uv-PE,uv-PE
T3_N10_img85.jpeg,uv-PE,uv-PE
T3_N10_img86.jpeg,uv-PE,uv-PE
T3_N10_img87.jpeg,uv-PE,uv-PE
T3_N10_img88.jpeg,uv-PE,uv-PE
T3_N10_img89.jpeg,uv-PE,uv-PE
T3_N10_img9.jpeg,uv-PE,uv-PE
T3_N10_img90.jpeg,uv-PE,uv-PE
T3_N10_img91.jpeg,uv-PE,LDPE
T3_N10_img92.jpeg,uv-PE,LDPE
T3_N10_img93.jpeg,uv-PE,LDPE
T3_N10_img94.jpeg,uv-PE,uv-PE
T3_N10_img95.jpeg,uv-PE,uv-PE
T3_N10_img96.jpeg,uv-PE,LDPE
T3_N10_img97.jpeg,uv-PE,uv-PE
T3_N10_img98.jpeg,uv-PE,uv-PE
T3_N10_img99.jpeg,uv-PE,uv-PE
